Country,srcYear,Crop name,Season,Estimates of yield,YearCode,Year
India,2004-05,Rice,Autumn,1327,2004,"Financial Year (Apr - Mar), 2004"
India,2004-05,Rice,Winter,1756,2004,"Financial Year (Apr - Mar), 2004"
India,2004-05,Rice,Kharif,2039,2004,"Financial Year (Apr - Mar), 2004"
India,2004-05,Rice,Rabi/Summer,3077,2004,"Financial Year (Apr - Mar), 2004"
India,2004-05,Wheat,Rabi,2602,2004,"Financial Year (Apr - Mar), 2004"
India,2004-05,Jowar,Kharif,987,2004,"Financial Year (Apr - Mar), 2004"
India,2004-05,Jowar,Rabi,641,2004,"Financial Year (Apr - Mar), 2004"
India,2004-05,Bajra,Kharif,859,2004,"Financial Year (Apr - Mar), 2004"
India,2004-05,Maize,Kharif,1740,2004,"Financial Year (Apr - Mar), 2004"
India,2004-05,Maize,Rabi/Summer,3224,2004,"Financial Year (Apr - Mar), 2004"
India,2004-05,Ragi,Kharif,1567,2004,"Financial Year (Apr - Mar), 2004"
India,2004-05,Small Millets,Kharif,434,2004,"Financial Year (Apr - Mar), 2004"
India,2004-05,Barley,Rabi,1958,2004,"Financial Year (Apr - Mar), 2004"
India,2004-05,Coarse Cereals,Kharif,1168,2004,"Financial Year (Apr - Mar), 2004"
India,2004-05,Coarse Cereals,Rabi,1102,2004,"Financial Year (Apr - Mar), 2004"
India,2004-05,Cereals,Kharif,1618,2004,"Financial Year (Apr - Mar), 2004"
India,2004-05,Cereals,Rabi,2382,2004,"Financial Year (Apr - Mar), 2004"
India,2004-05,Tur (Arhar),Kharif,667,2004,"Financial Year (Apr - Mar), 2004"
India,2004-05,Pulses Other Than Tur,Kharif,304,2004,"Financial Year (Apr - Mar), 2004"
India,2004-05,Gram,Rabi,815,2004,"Financial Year (Apr - Mar), 2004"
India,2004-05,Pulses Other Than Gram,Rabi,622,2004,"Financial Year (Apr - Mar), 2004"
India,2004-05,Pulses,Kharif,417,2004,"Financial Year (Apr - Mar), 2004"
India,2004-05,Pulses,Rabi,735,2004,"Financial Year (Apr - Mar), 2004"
India,2004-05,Foodgrains,Kharif,1430,2004,"Financial Year (Apr - Mar), 2004"
India,2004-05,Foodgrains,Rabi,1988,2004,"Financial Year (Apr - Mar), 2004"
India,2005-06,Rice,Autumn,1349,2005,"Financial Year (Apr - Mar), 2005"
India,2005-06,Rice,Winter,1795,2005,"Financial Year (Apr - Mar), 2005"
India,2005-06,Rice,Kharif,2199,2005,"Financial Year (Apr - Mar), 2005"
India,2005-06,Rice,Rabi/Summer,3127,2005,"Financial Year (Apr - Mar), 2005"
India,2005-06,Wheat,Rabi,2619,2005,"Financial Year (Apr - Mar), 2005"
India,2005-06,Jowar,Kharif,1082,2005,"Financial Year (Apr - Mar), 2005"
India,2005-06,Jowar,Rabi,726,2005,"Financial Year (Apr - Mar), 2005"
India,2005-06,Bajra,Kharif,802,2005,"Financial Year (Apr - Mar), 2005"
India,2005-06,Maize,Kharif,1799,2005,"Financial Year (Apr - Mar), 2005"
India,2005-06,Maize,Rabi/Summer,3076,2005,"Financial Year (Apr - Mar), 2005"
India,2005-06,Ragi,Kharif,1534,2005,"Financial Year (Apr - Mar), 2005"
India,2005-06,Small Millets,Kharif,443,2005,"Financial Year (Apr - Mar), 2005"
India,2005-06,Barley,Rabi,1938,2005,"Financial Year (Apr - Mar), 2005"
India,2005-06,Nutri Cereals,Kharif,1178,2005,"Financial Year (Apr - Mar), 2005"
India,2005-06,Nutri Cereals,Rabi,1152,2005,"Financial Year (Apr - Mar), 2005"
India,2005-06,Cereals,Kharif,1693,2005,"Financial Year (Apr - Mar), 2005"
India,2005-06,Cereals,Rabi,2427,2005,"Financial Year (Apr - Mar), 2005"
India,2005-06,Tur (Arhar),Kharif,765,2005,"Financial Year (Apr - Mar), 2005"
India,2005-06,Gram,Rabi,808,2005,"Financial Year (Apr - Mar), 2005"
India,2005-06,Urad,Kharif,386,2005,"Financial Year (Apr - Mar), 2005"
India,2005-06,Urad,Rabi,540,2005,"Financial Year (Apr - Mar), 2005"
India,2005-06,Moong,Kharif,277,2005,"Financial Year (Apr - Mar), 2005"
India,2005-06,Moong,Rabi,414,2005,"Financial Year (Apr - Mar), 2005"
India,2005-06,Lentil,Rabi,628,2005,"Financial Year (Apr - Mar), 2005"
India,2005-06,Other Kharif Pulses,Kharif,237,2005,"Financial Year (Apr - Mar), 2005"
India,2005-06,Other Rabi Pulses,Rabi,687,2005,"Financial Year (Apr - Mar), 2005"
India,2005-06,Pulses,Kharif,456,2005,"Financial Year (Apr - Mar), 2005"
India,2005-06,Pulses,Rabi,727,2005,"Financial Year (Apr - Mar), 2005"
India,2005-06,Foodgrains,Kharif,1511,2005,"Financial Year (Apr - Mar), 2005"
India,2005-06,Foodgrains,Rabi,2020,2005,"Financial Year (Apr - Mar), 2005"
India,2006-07,Rice,Autumn,2804,2006,"Financial Year (Apr - Mar), 2006"
India,2006-07,Rice,Winter,2000,2006,"Financial Year (Apr - Mar), 2006"
India,2006-07,Rice,Kharif,1963,2006,"Financial Year (Apr - Mar), 2006"
India,2006-07,Rice,Rabi/Summer,3130,2006,"Financial Year (Apr - Mar), 2006"
India,2006-07,Wheat,Rabi,2708,2006,"Financial Year (Apr - Mar), 2006"
India,2006-07,Jowar,Kharif,992,2006,"Financial Year (Apr - Mar), 2006"
India,2006-07,Jowar,Rabi,727,2006,"Financial Year (Apr - Mar), 2006"
India,2006-07,Bajra,Kharif,886,2006,"Financial Year (Apr - Mar), 2006"
India,2006-07,Maize,Kharif,1660,2006,"Financial Year (Apr - Mar), 2006"
India,2006-07,Maize,Rabi/Summer,3793,2006,"Financial Year (Apr - Mar), 2006"
India,2006-07,Ragi,Kharif,1226,2006,"Financial Year (Apr - Mar), 2006"
India,2006-07,Small Millets,Kharif,475,2006,"Financial Year (Apr - Mar), 2006"
India,2006-07,Barley,Rabi,2055,2006,"Financial Year (Apr - Mar), 2006"
India,2006-07,Nutri Cereals,Kharif,1144,2006,"Financial Year (Apr - Mar), 2006"
India,2006-07,Nutri Cereals,Rabi,1316,2006,"Financial Year (Apr - Mar), 2006"
India,2006-07,Cereals,Kharif,1706,2006,"Financial Year (Apr - Mar), 2006"
India,2006-07,Cereals,Rabi,2526,2006,"Financial Year (Apr - Mar), 2006"
India,2006-07,Tur (Arhar),Kharif,650,2006,"Financial Year (Apr - Mar), 2006"
India,2006-07,Gram,Rabi,845,2006,"Financial Year (Apr - Mar), 2006"
India,2006-07,Urad,Kharif,412,2006,"Financial Year (Apr - Mar), 2006"
India,2006-07,Urad,Rabi,640,2006,"Financial Year (Apr - Mar), 2006"
India,2006-07,Moong,Kharif,328,2006,"Financial Year (Apr - Mar), 2006"
India,2006-07,Moong,Rabi,434,2006,"Financial Year (Apr - Mar), 2006"
India,2006-07,Lentil,Rabi,621,2006,"Financial Year (Apr - Mar), 2006"
India,2006-07,Other Kharif Pulses,Kharif,309,2006,"Financial Year (Apr - Mar), 2006"
India,2006-07,Other Rabi Pulses,Rabi,654,2006,"Financial Year (Apr - Mar), 2006"
India,2006-07,Pulses,Kharif,449,2006,"Financial Year (Apr - Mar), 2006"
India,2006-07,Pulses,Rabi,751,2006,"Financial Year (Apr - Mar), 2006"
India,2006-07,Foodgrains,Kharif,1522,2006,"Financial Year (Apr - Mar), 2006"
India,2006-07,Foodgrains,Rabi,2091,2006,"Financial Year (Apr - Mar), 2006"
India,2007-08,Rice,Autumn,2892,2007,"Financial Year (Apr - Mar), 2007"
India,2007-08,Rice,Winter,1892,2007,"Financial Year (Apr - Mar), 2007"
India,2007-08,Rice,Kharif,2138,2007,"Financial Year (Apr - Mar), 2007"
India,2007-08,Rice,Rabi/Summer,3149,2007,"Financial Year (Apr - Mar), 2007"
India,2007-08,Wheat,Rabi,2802,2007,"Financial Year (Apr - Mar), 2007"
India,2007-08,Jowar,Kharif,1176,2007,"Financial Year (Apr - Mar), 2007"
India,2007-08,Jowar,Rabi,894,2007,"Financial Year (Apr - Mar), 2007"
India,2007-08,Bajra,Kharif,1042,2007,"Financial Year (Apr - Mar), 2007"
India,2007-08,Maize,Kharif,2122,2007,"Financial Year (Apr - Mar), 2007"
India,2007-08,Maize,Rabi/Summer,3854,2007,"Financial Year (Apr - Mar), 2007"
India,2007-08,Ragi,Kharif,1552,2007,"Financial Year (Apr - Mar), 2007"
India,2007-08,Small Millets,Kharif,530,2007,"Financial Year (Apr - Mar), 2007"
India,2007-08,Barley,Rabi,1985,2007,"Financial Year (Apr - Mar), 2007"
India,2007-08,Nutri Cereals,Kharif,1410,2007,"Financial Year (Apr - Mar), 2007"
India,2007-08,Nutri Cereals,Rabi,1510,2007,"Financial Year (Apr - Mar), 2007"
India,2007-08,Cereals,Kharif,1846,2007,"Financial Year (Apr - Mar), 2007"
India,2007-08,Cereals,Rabi,2645,2007,"Financial Year (Apr - Mar), 2007"
India,2007-08,Tur (Arhar),Kharif,826,2007,"Financial Year (Apr - Mar), 2007"
India,2007-08,Gram,Rabi,762,2007,"Financial Year (Apr - Mar), 2007"
India,2007-08,Urad,Kharif,475,2007,"Financial Year (Apr - Mar), 2007"
India,2007-08,Urad,Rabi,405,2007,"Financial Year (Apr - Mar), 2007"
India,2007-08,Moong,Kharif,410,2007,"Financial Year (Apr - Mar), 2007"
India,2007-08,Moong,Rabi,400,2007,"Financial Year (Apr - Mar), 2007"
India,2007-08,Lentil,Rabi,622,2007,"Financial Year (Apr - Mar), 2007"
India,2007-08,Other Kharif Pulses,Kharif,405,2007,"Financial Year (Apr - Mar), 2007"
India,2007-08,Other Rabi Pulses,Rabi,674,2007,"Financial Year (Apr - Mar), 2007"
India,2007-08,Pulses,Kharif,557,2007,"Financial Year (Apr - Mar), 2007"
India,2007-08,Pulses,Rabi,688,2007,"Financial Year (Apr - Mar), 2007"
India,2007-08,Foodgrains,Kharif,1645,2007,"Financial Year (Apr - Mar), 2007"
India,2007-08,Foodgrains,Rabi,2174,2007,"Financial Year (Apr - Mar), 2007"
India,2008-09,Rice,Autumn,3107,2008,"Financial Year (Apr - Mar), 2008"
India,2008-09,Rice,Winter,1968,2008,"Financial Year (Apr - Mar), 2008"
India,2008-09,Rice,Kharif,2054,2008,"Financial Year (Apr - Mar), 2008"
India,2008-09,Rice,Rabi/Summer,3010,2008,"Financial Year (Apr - Mar), 2008"
India,2008-09,Wheat,Rabi,2907,2008,"Financial Year (Apr - Mar), 2008"
India,2008-09,Jowar,Kharif,1055,2008,"Financial Year (Apr - Mar), 2008"
India,2008-09,Jowar,Rabi,904,2008,"Financial Year (Apr - Mar), 2008"
India,2008-09,Bajra,Kharif,1015,2008,"Financial Year (Apr - Mar), 2008"
India,2008-09,Maize,Kharif,2048,2008,"Financial Year (Apr - Mar), 2008"
India,2008-09,Maize,Rabi/Summer,4387,2008,"Financial Year (Apr - Mar), 2008"
India,2008-09,Ragi,Kharif,1477,2008,"Financial Year (Apr - Mar), 2008"
India,2008-09,Small Millets,Kharif,491,2008,"Financial Year (Apr - Mar), 2008"
India,2008-09,Barley,Rabi,2394,2008,"Financial Year (Apr - Mar), 2008"
India,2008-09,Nutri Cereals,Kharif,1371,2008,"Financial Year (Apr - Mar), 2008"
India,2008-09,Nutri Cereals,Rabi,1735,2008,"Financial Year (Apr - Mar), 2008"
India,2008-09,Cereals,Kharif,1841,2008,"Financial Year (Apr - Mar), 2008"
India,2008-09,Cereals,Rabi,2721,2008,"Financial Year (Apr - Mar), 2008"
India,2008-09,Tur (Arhar),Kharif,671,2008,"Financial Year (Apr - Mar), 2008"
India,2008-09,Gram,Rabi,895,2008,"Financial Year (Apr - Mar), 2008"
India,2008-09,Urad,Kharif,419,2008,"Financial Year (Apr - Mar), 2008"
India,2008-09,Urad,Rabi,506,2008,"Financial Year (Apr - Mar), 2008"
India,2008-09,Moong,Kharif,348,2008,"Financial Year (Apr - Mar), 2008"
India,2008-09,Moong,Rabi,423,2008,"Financial Year (Apr - Mar), 2008"
India,2008-09,Lentil,Rabi,693,2008,"Financial Year (Apr - Mar), 2008"
India,2008-09,Other Kharif Pulses,Kharif,367,2008,"Financial Year (Apr - Mar), 2008"
India,2008-09,Other Rabi Pulses,Rabi,737,2008,"Financial Year (Apr - Mar), 2008"
India,2008-09,Pulses,Kharif,478,2008,"Financial Year (Apr - Mar), 2008"
India,2008-09,Pulses,Rabi,804,2008,"Financial Year (Apr - Mar), 2008"
India,2008-09,Foodgrains,Kharif,1654,2008,"Financial Year (Apr - Mar), 2008"
India,2008-09,Foodgrains,Rabi,2263,2008,"Financial Year (Apr - Mar), 2008"
India,2009-10,Rice,Autumn,2186,2009,"Financial Year (Apr - Mar), 2009"
India,2009-10,Rice,Winter,1939,2009,"Financial Year (Apr - Mar), 2009"
India,2009-10,Rice,Kharif,2053,2009,"Financial Year (Apr - Mar), 2009"
India,2009-10,Rice,Rabi/Summer,3055,2009,"Financial Year (Apr - Mar), 2009"
India,2009-10,Wheat,Rabi,2839,2009,"Financial Year (Apr - Mar), 2009"
India,2009-10,Jowar,Kharif,853,2009,"Financial Year (Apr - Mar), 2009"
India,2009-10,Jowar,Rabi,865,2009,"Financial Year (Apr - Mar), 2009"
India,2009-10,Bajra,Kharif,731,2009,"Financial Year (Apr - Mar), 2009"
India,2009-10,Maize,Kharif,1740,2009,"Financial Year (Apr - Mar), 2009"
India,2009-10,Maize,Rabi/Summer,3694,2009,"Financial Year (Apr - Mar), 2009"
India,2009-10,Ragi,Kharif,1489,2009,"Financial Year (Apr - Mar), 2009"
India,2009-10,Small Millets,Kharif,460,2009,"Financial Year (Apr - Mar), 2009"
India,2009-10,Barley,Rabi,2172,2009,"Financial Year (Apr - Mar), 2009"
India,2009-10,Nutri Cereals,Kharif,1119,2009,"Financial Year (Apr - Mar), 2009"
India,2009-10,Nutri Cereals,Rabi,1525,2009,"Financial Year (Apr - Mar), 2009"
India,2009-10,Cereals,Kharif,1693,2009,"Financial Year (Apr - Mar), 2009"
India,2009-10,Cereals,Rabi,2649,2009,"Financial Year (Apr - Mar), 2009"
India,2009-10,Tur (Arhar),Kharif,711,2009,"Financial Year (Apr - Mar), 2009"
India,2009-10,Gram,Rabi,915,2009,"Financial Year (Apr - Mar), 2009"
India,2009-10,Urad,Kharif,363,2009,"Financial Year (Apr - Mar), 2009"
India,2009-10,Urad,Rabi,586,2009,"Financial Year (Apr - Mar), 2009"
India,2009-10,Moong,Kharif,180,2009,"Financial Year (Apr - Mar), 2009"
India,2009-10,Moong,Rabi,409,2009,"Financial Year (Apr - Mar), 2009"
India,2009-10,Lentil,Rabi,697,2009,"Financial Year (Apr - Mar), 2009"
India,2009-10,Other Kharif Pulses,Kharif,200,2009,"Financial Year (Apr - Mar), 2009"
India,2009-10,Other Rabi Pulses,Rabi,753,2009,"Financial Year (Apr - Mar), 2009"
India,2009-10,Pulses,Kharif,397,2009,"Financial Year (Apr - Mar), 2009"
India,2009-10,Pulses,Rabi,823,2009,"Financial Year (Apr - Mar), 2009"
India,2009-10,Foodgrains,Kharif,1496,2009,"Financial Year (Apr - Mar), 2009"
India,2009-10,Foodgrains,Rabi,2202,2009,"Financial Year (Apr - Mar), 2009"
India,2010-11,Rice,Autumn,1776,2010,"Financial Year (Apr - Mar), 2010"
India,2010-11,Rice,Winter,2338,2010,"Financial Year (Apr - Mar), 2010"
India,2010-11,Rice,Kharif,2050,2010,"Financial Year (Apr - Mar), 2010"
India,2010-11,Rice,Rabi/Summer,3173,2010,"Financial Year (Apr - Mar), 2010"
India,2010-11,Wheat,Rabi,2989,2010,"Financial Year (Apr - Mar), 2010"
India,2010-11,Jowar,Kharif,1119,2010,"Financial Year (Apr - Mar), 2010"
India,2010-11,Jowar,Rabi,827,2010,"Financial Year (Apr - Mar), 2010"
India,2010-11,Bajra,Kharif,1079,2010,"Financial Year (Apr - Mar), 2010"
India,2010-11,Maize,Kharif,2285,2010,"Financial Year (Apr - Mar), 2010"
India,2010-11,Maize,Rabi/Summer,4003,2010,"Financial Year (Apr - Mar), 2010"
India,2010-11,Ragi,Kharif,1705,2010,"Financial Year (Apr - Mar), 2010"
India,2010-11,Small Millets,Kharif,553,2010,"Financial Year (Apr - Mar), 2010"
India,2010-11,Barley,Rabi,2357,2010,"Financial Year (Apr - Mar), 2010"
India,2010-11,Nutri Cereals,Kharif,1500,2010,"Financial Year (Apr - Mar), 2010"
India,2010-11,Nutri Cereals,Rabi,1641,2010,"Financial Year (Apr - Mar), 2010"
India,2010-11,Cereals,Kharif,1893,2010,"Financial Year (Apr - Mar), 2010"
India,2010-11,Cereals,Rabi,2800,2010,"Financial Year (Apr - Mar), 2010"
India,2010-11,Tur (Arhar),Kharif,655,2010,"Financial Year (Apr - Mar), 2010"
India,2010-11,Gram,Rabi,895,2010,"Financial Year (Apr - Mar), 2010"
India,2010-11,Urad,Kharif,557,2010,"Financial Year (Apr - Mar), 2010"
India,2010-11,Urad,Rabi,489,2010,"Financial Year (Apr - Mar), 2010"
India,2010-11,Moong,Kharif,538,2010,"Financial Year (Apr - Mar), 2010"
India,2010-11,Moong,Rabi,404,2010,"Financial Year (Apr - Mar), 2010"
India,2010-11,Lentil,Rabi,591,2010,"Financial Year (Apr - Mar), 2010"
India,2010-11,Other Kharif Pulses,Kharif,511,2010,"Financial Year (Apr - Mar), 2010"
India,2010-11,Other Rabi Pulses,Rabi,708,2010,"Financial Year (Apr - Mar), 2010"
India,2010-11,Pulses,Kharif,578,2010,"Financial Year (Apr - Mar), 2010"
India,2010-11,Pulses,Rabi,790,2010,"Financial Year (Apr - Mar), 2010"
India,2010-11,Foodgrains,Kharif,1669,2010,"Financial Year (Apr - Mar), 2010"
India,2010-11,Foodgrains,Rabi,2278,2010,"Financial Year (Apr - Mar), 2010"
India,2011-12,Rice,Autumn,1938,2011,"Financial Year (Apr - Mar), 2011"
India,2011-12,Rice,Winter,2257,2011,"Financial Year (Apr - Mar), 2011"
India,2011-12,Rice,Kharif,2399,2011,"Financial Year (Apr - Mar), 2011"
India,2011-12,Rice,Rabi/Summer,3238,2011,"Financial Year (Apr - Mar), 2011"
India,2011-12,Wheat,Rabi,3177,2011,"Financial Year (Apr - Mar), 2011"
India,2011-12,Jowar,Kharif,1257,2011,"Financial Year (Apr - Mar), 2011"
India,2011-12,Jowar,Rabi,741,2011,"Financial Year (Apr - Mar), 2011"
India,2011-12,Bajra,Kharif,1171,2011,"Financial Year (Apr - Mar), 2011"
India,2011-12,Maize,Kharif,2234,2011,"Financial Year (Apr - Mar), 2011"
India,2011-12,Maize,Rabi/Summer,3765,2011,"Financial Year (Apr - Mar), 2011"
India,2011-12,Ragi,Kharif,1641,2011,"Financial Year (Apr - Mar), 2011"
India,2011-12,Small Millets,Kharif,565,2011,"Financial Year (Apr - Mar), 2011"
India,2011-12,Barley,Rabi,2516,2011,"Financial Year (Apr - Mar), 2011"
India,2011-12,Nutri Cereals,Kharif,1563,2011,"Financial Year (Apr - Mar), 2011"
India,2011-12,Nutri Cereals,Rabi,1689,2011,"Financial Year (Apr - Mar), 2011"
India,2011-12,Cereals,Kharif,2056,2011,"Financial Year (Apr - Mar), 2011"
India,2011-12,Cereals,Rabi,2969,2011,"Financial Year (Apr - Mar), 2011"
India,2011-12,Tur (Arhar),Kharif,662,2011,"Financial Year (Apr - Mar), 2011"
India,2011-12,Gram,Rabi,928,2011,"Financial Year (Apr - Mar), 2011"
India,2011-12,Urad,Kharif,523,2011,"Financial Year (Apr - Mar), 2011"
India,2011-12,Urad,Rabi,621,2011,"Financial Year (Apr - Mar), 2011"
India,2011-12,Moong,Kharif,475,2011,"Financial Year (Apr - Mar), 2011"
India,2011-12,Moong,Rabi,508,2011,"Financial Year (Apr - Mar), 2011"
India,2011-12,Lentil,Rabi,678,2011,"Financial Year (Apr - Mar), 2011"
India,2011-12,Other Kharif Pulses,Kharif,420,2011,"Financial Year (Apr - Mar), 2011"
India,2011-12,Other Rabi Pulses,Rabi,765,2011,"Financial Year (Apr - Mar), 2011"
India,2011-12,Pulses,Kharif,541,2011,"Financial Year (Apr - Mar), 2011"
India,2011-12,Pulses,Rabi,831,2011,"Financial Year (Apr - Mar), 2011"
India,2011-12,Foodgrains,Kharif,1821,2011,"Financial Year (Apr - Mar), 2011"
India,2011-12,Foodgrains,Rabi,2430,2011,"Financial Year (Apr - Mar), 2011"
India,2012-13,Rice,Autumn,,2012,"Financial Year (Apr - Mar), 2012"
India,2012-13,Rice,Winter,,2012,"Financial Year (Apr - Mar), 2012"
India,2012-13,Rice,Kharif,,2012,"Financial Year (Apr - Mar), 2012"
India,2012-13,Rice,Rabi/Summer,3353,2012,"Financial Year (Apr - Mar), 2012"
India,2012-13,Wheat,Rabi,3117,2012,"Financial Year (Apr - Mar), 2012"
India,2012-13,Jowar,Kharif,1171,2012,"Financial Year (Apr - Mar), 2012"
India,2012-13,Jowar,Rabi,644,2012,"Financial Year (Apr - Mar), 2012"
India,2012-13,Bajra,Kharif,1198,2012,"Financial Year (Apr - Mar), 2012"
India,2012-13,Maize,Kharif,2246,2012,"Financial Year (Apr - Mar), 2012"
India,2012-13,Maize,Rabi/Summer,4152,2012,"Financial Year (Apr - Mar), 2012"
India,2012-13,Ragi,Kharif,1392,2012,"Financial Year (Apr - Mar), 2012"
India,2012-13,Small Millets,Kharif,578,2012,"Financial Year (Apr - Mar), 2012"
India,2012-13,Barley,Rabi,2521,2012,"Financial Year (Apr - Mar), 2012"
India,2012-13,Nutri Cereals,Kharif,1583,2012,"Financial Year (Apr - Mar), 2012"
India,2012-13,Nutri Cereals,Rabi,1725,2012,"Financial Year (Apr - Mar), 2012"
India,2012-13,Cereals,Kharif,2116,2012,"Financial Year (Apr - Mar), 2012"
India,2012-13,Cereals,Rabi,2931,2012,"Financial Year (Apr - Mar), 2012"
India,2012-13,Tur (Arhar),Kharif,776,2012,"Financial Year (Apr - Mar), 2012"
India,2012-13,Gram,Rabi,1036,2012,"Financial Year (Apr - Mar), 2012"
India,2012-13,Urad,Kharif,606,2012,"Financial Year (Apr - Mar), 2012"
India,2012-13,Urad,Rabi,682,2012,"Financial Year (Apr - Mar), 2012"
India,2012-13,Moong,Kharif,400,2012,"Financial Year (Apr - Mar), 2012"
India,2012-13,Moong,Rabi,538,2012,"Financial Year (Apr - Mar), 2012"
India,2012-13,Lentil,Rabi,797,2012,"Financial Year (Apr - Mar), 2012"
India,2012-13,Other Kharif Pulses,Kharif,377,2012,"Financial Year (Apr - Mar), 2012"
India,2012-13,Other Rabi Pulses,Rabi,840,2012,"Financial Year (Apr - Mar), 2012"
India,2012-13,Pulses,Kharif,594,2012,"Financial Year (Apr - Mar), 2012"
India,2012-13,Pulses,Rabi,934,2012,"Financial Year (Apr - Mar), 2012"
India,2012-13,Foodgrains,Kharif,1892,2012,"Financial Year (Apr - Mar), 2012"
India,2012-13,Foodgrains,Rabi,2431,2012,"Financial Year (Apr - Mar), 2012"
India,2013-14,Rice,Autumn,2158,2013,"Financial Year (Apr - Mar), 2013"
India,2013-14,Rice,Winter,,2013,"Financial Year (Apr - Mar), 2013"
India,2013-14,Rice,Kharif,2434,2013,"Financial Year (Apr - Mar), 2013"
India,2013-14,Rice,Rabi/Summer,3232,2013,"Financial Year (Apr - Mar), 2013"
India,2013-14,Wheat,Rabi,3145,2013,"Financial Year (Apr - Mar), 2013"
India,2013-14,Jowar,Kharif,1050,2013,"Financial Year (Apr - Mar), 2013"
India,2013-14,Jowar,Rabi,896,2013,"Financial Year (Apr - Mar), 2013"
India,2013-14,Bajra,Kharif,1184,2013,"Financial Year (Apr - Mar), 2013"
India,2013-14,Maize,Kharif,2346,2013,"Financial Year (Apr - Mar), 2013"
India,2013-14,Maize,Rabi/Summer,4050,2013,"Financial Year (Apr - Mar), 2013"
India,2013-14,Ragi,Kharif,1661,2013,"Financial Year (Apr - Mar), 2013"
India,2013-14,Small Millets,Kharif,630,2013,"Financial Year (Apr - Mar), 2013"
India,2013-14,Barley,Rabi,2718,2013,"Financial Year (Apr - Mar), 2013"
India,2013-14,Nutri Cereals,Kharif,1619,2013,"Financial Year (Apr - Mar), 2013"
India,2013-14,Nutri Cereals,Rabi,2034,2013,"Financial Year (Apr - Mar), 2013"
India,2013-14,Cereals,Kharif,2089,2013,"Financial Year (Apr - Mar), 2013"
India,2013-14,Cereals,Rabi,2995,2013,"Financial Year (Apr - Mar), 2013"
India,2013-14,Tur (Arhar),Kharif,813,2013,"Financial Year (Apr - Mar), 2013"
India,2013-14,Gram,Rabi,960,2013,"Financial Year (Apr - Mar), 2013"
India,2013-14,Urad,Kharif,490,2013,"Financial Year (Apr - Mar), 2013"
India,2013-14,Urad,Rabi,768,2013,"Financial Year (Apr - Mar), 2013"
India,2013-14,Moong,Kharif,409,2013,"Financial Year (Apr - Mar), 2013"
India,2013-14,Moong,Rabi,620,2013,"Financial Year (Apr - Mar), 2013"
India,2013-14,Lentil,Rabi,759,2013,"Financial Year (Apr - Mar), 2013"
India,2013-14,Other Kharif Pulses,Kharif,409,2013,"Financial Year (Apr - Mar), 2013"
India,2013-14,Other Rabi Pulses,Rabi,816,2013,"Financial Year (Apr - Mar), 2013"
India,2013-14,Pulses,Kharif,580,2013,"Financial Year (Apr - Mar), 2013"
India,2013-14,Pulses,Rabi,891,2013,"Financial Year (Apr - Mar), 2013"
India,2013-14,Foodgrains,Kharif,1864,2013,"Financial Year (Apr - Mar), 2013"
India,2013-14,Foodgrains,Rabi,2435,2013,"Financial Year (Apr - Mar), 2013"
India,2014-15,Rice,Autumn,1645,2014,"Financial Year (Apr - Mar), 2014"
India,2014-15,Rice,Winter,2310,2014,"Financial Year (Apr - Mar), 2014"
India,2014-15,Rice,Kharif,2335,2014,"Financial Year (Apr - Mar), 2014"
India,2014-15,Rice,Rabi/Summer,3291,2014,"Financial Year (Apr - Mar), 2014"
India,2014-15,Wheat,Rabi,2750,2014,"Financial Year (Apr - Mar), 2014"
India,2014-15,Jowar,Kharif,1014,2014,"Financial Year (Apr - Mar), 2014"
India,2014-15,Jowar,Rabi,808,2014,"Financial Year (Apr - Mar), 2014"
India,2014-15,Bajra,Kharif,1255,2014,"Financial Year (Apr - Mar), 2014"
India,2014-15,Maize,Kharif,2249,2014,"Financial Year (Apr - Mar), 2014"
India,2014-15,Maize,Rabi/Summer,4414,2014,"Financial Year (Apr - Mar), 2014"
India,2014-15,Ragi,Kharif,1706,2014,"Financial Year (Apr - Mar), 2014"
India,2014-15,Small Millets,Kharif,654,2014,"Financial Year (Apr - Mar), 2014"
India,2014-15,Barley,Rabi,2280,2014,"Financial Year (Apr - Mar), 2014"
India,2014-15,Nutri Cereals,Kharif,1633,2014,"Financial Year (Apr - Mar), 2014"
India,2014-15,Nutri Cereals,Rabi,1915,2014,"Financial Year (Apr - Mar), 2014"
India,2014-15,Cereals,Kharif,2081,2014,"Financial Year (Apr - Mar), 2014"
India,2014-15,Cereals,Rabi,2681,2014,"Financial Year (Apr - Mar), 2014"
India,2014-15,Tur (Arhar),Kharif,729,2014,"Financial Year (Apr - Mar), 2014"
India,2014-15,Gram,Rabi,889,2014,"Financial Year (Apr - Mar), 2014"
India,2014-15,Urad,Kharif,516,2014,"Financial Year (Apr - Mar), 2014"
India,2014-15,Urad,Rabi,891,2014,"Financial Year (Apr - Mar), 2014"
India,2014-15,Moong,Kharif,428,2014,"Financial Year (Apr - Mar), 2014"
India,2014-15,Moong,Rabi,640,2014,"Financial Year (Apr - Mar), 2014"
India,2014-15,Lentil,Rabi,705,2014,"Financial Year (Apr - Mar), 2014"
India,2014-15,Other Kharif Pulses,Kharif,474,2014,"Financial Year (Apr - Mar), 2014"
India,2014-15,Other Rabi Pulses,Rabi,833,2014,"Financial Year (Apr - Mar), 2014"
India,2014-15,Pulses,Kharif,573,2014,"Financial Year (Apr - Mar), 2014"
India,2014-15,Pulses,Rabi,843,2014,"Financial Year (Apr - Mar), 2014"
India,2014-15,Foodgrains,Kharif,1862,2014,"Financial Year (Apr - Mar), 2014"
India,2014-15,Foodgrains,Rabi,2232,2014,"Financial Year (Apr - Mar), 2014"
India,2015-16,Rice,Autumn,,2015,"Financial Year (Apr - Mar), 2015"
India,2015-16,Rice,Winter,,2015,"Financial Year (Apr - Mar), 2015"
India,2015-16,Rice,Kharif,,2015,"Financial Year (Apr - Mar), 2015"
India,2015-16,Rice,Rabi/Summer,3382,2015,"Financial Year (Apr - Mar), 2015"
India,2015-16,Wheat,Rabi,3034,2015,"Financial Year (Apr - Mar), 2015"
India,2015-16,Jowar,Kharif,850,2015,"Financial Year (Apr - Mar), 2015"
India,2015-16,Jowar,Rabi,615,2015,"Financial Year (Apr - Mar), 2015"
India,2015-16,Bajra,Kharif,1132,2015,"Financial Year (Apr - Mar), 2015"
India,2015-16,Maize,Kharif,2236,2015,"Financial Year (Apr - Mar), 2015"
India,2015-16,Maize,Rabi/Summer,4006,2015,"Financial Year (Apr - Mar), 2015"
India,2015-16,Ragi,Kharif,1601,2015,"Financial Year (Apr - Mar), 2015"
India,2015-16,Small Millets,Kharif,602,2015,"Financial Year (Apr - Mar), 2015"
India,2015-16,Barley,Rabi,2439,2015,"Financial Year (Apr - Mar), 2015"
India,2015-16,Nutri Cereals,Kharif,1544,2015,"Financial Year (Apr - Mar), 2015"
India,2015-16,Nutri Cereals,Rabi,1686,2015,"Financial Year (Apr - Mar), 2015"
India,2015-16,Cereals,Kharif,2065,2015,"Financial Year (Apr - Mar), 2015"
India,2015-16,Cereals,Rabi,2862,2015,"Financial Year (Apr - Mar), 2015"
India,2015-16,Tur (Arhar),Kharif,646,2015,"Financial Year (Apr - Mar), 2015"
India,2015-16,Gram,Rabi,840,2015,"Financial Year (Apr - Mar), 2015"
India,2015-16,Urad,Kharif,459,2015,"Financial Year (Apr - Mar), 2015"
India,2015-16,Urad,Rabi,773,2015,"Financial Year (Apr - Mar), 2015"
India,2015-16,Moong,Kharif,363,2015,"Financial Year (Apr - Mar), 2015"
India,2015-16,Moong,Rabi,554,2015,"Financial Year (Apr - Mar), 2015"
India,2015-16,Lentil,Rabi,765,2015,"Financial Year (Apr - Mar), 2015"
India,2015-16,Other Kharif Pulses,Kharif,385,2015,"Financial Year (Apr - Mar), 2015"
India,2015-16,Other Rabi Pulses,Rabi,766,2015,"Financial Year (Apr - Mar), 2015"
India,2015-16,Pulses,Kharif,489,2015,"Financial Year (Apr - Mar), 2015"
India,2015-16,Pulses,Rabi,796,2015,"Financial Year (Apr - Mar), 2015"
India,2015-16,Foodgrains,Kharif,1808,2015,"Financial Year (Apr - Mar), 2015"
India,2015-16,Foodgrains,Rabi,2341,2015,"Financial Year (Apr - Mar), 2015"
India,2016-17,Rice,Autumn,,2016,"Financial Year (Apr - Mar), 2016"
India,2016-17,Rice,Winter,,2016,"Financial Year (Apr - Mar), 2016"
India,2016-17,Rice,Kharif,2417,2016,"Financial Year (Apr - Mar), 2016"
India,2016-17,Rice,Rabi/Summer,3230,2016,"Financial Year (Apr - Mar), 2016"
India,2016-17,Wheat,Rabi,3200,2016,"Financial Year (Apr - Mar), 2016"
India,2016-17,Jowar,Kharif,954,2016,"Financial Year (Apr - Mar), 2016"
India,2016-17,Jowar,Rabi,730,2016,"Financial Year (Apr - Mar), 2016"
India,2016-17,Bajra,Kharif,1305,2016,"Financial Year (Apr - Mar), 2016"
India,2016-17,Maize,Kharif,2413,2016,"Financial Year (Apr - Mar), 2016"
India,2016-17,Maize,Rabi/Summer,3897,2016,"Financial Year (Apr - Mar), 2016"
India,2016-17,Ragi,Kharif,1363,2016,"Financial Year (Apr - Mar), 2016"
India,2016-17,Small Millets,Kharif,714,2016,"Financial Year (Apr - Mar), 2016"
India,2016-17,Barley,Rabi,2663,2016,"Financial Year (Apr - Mar), 2016"
India,2016-17,Nutri Cereals,Kharif,1708,2016,"Financial Year (Apr - Mar), 2016"
India,2016-17,Nutri Cereals,Rabi,1885,2016,"Financial Year (Apr - Mar), 2016"
India,2016-17,Cereals,Kharif,2188,2016,"Financial Year (Apr - Mar), 2016"
India,2016-17,Cereals,Rabi,3010,2016,"Financial Year (Apr - Mar), 2016"
India,2016-17,Tur (Arhar),Kharif,913,2016,"Financial Year (Apr - Mar), 2016"
India,2016-17,Gram,Rabi,974,2016,"Financial Year (Apr - Mar), 2016"
India,2016-17,Urad,Kharif,626,2016,"Financial Year (Apr - Mar), 2016"
India,2016-17,Urad,Rabi,656,2016,"Financial Year (Apr - Mar), 2016"
India,2016-17,Moong,Kharif,488,2016,"Financial Year (Apr - Mar), 2016"
India,2016-17,Moong,Rabi,546,2016,"Financial Year (Apr - Mar), 2016"
India,2016-17,Lentil,Rabi,838,2016,"Financial Year (Apr - Mar), 2016"
India,2016-17,Other Kharif Pulses,Kharif,409,2016,"Financial Year (Apr - Mar), 2016"
India,2016-17,Other Rabi Pulses,Rabi,867,2016,"Financial Year (Apr - Mar), 2016"
India,2016-17,Pulses,Kharif,667,2016,"Financial Year (Apr - Mar), 2016"
India,2016-17,Pulses,Rabi,898,2016,"Financial Year (Apr - Mar), 2016"
India,2016-17,Foodgrains,Kharif,1890,2016,"Financial Year (Apr - Mar), 2016"
India,2016-17,Foodgrains,Rabi,2441,2016,"Financial Year (Apr - Mar), 2016"
India,2017-18,Rice,Autumn,,2017,"Financial Year (Apr - Mar), 2017"
India,2017-18,Rice,Winter,,2017,"Financial Year (Apr - Mar), 2017"
India,2017-18,Rice,Kharif,2469,2017,"Financial Year (Apr - Mar), 2017"
India,2017-18,Rice,Rabi/Summer,3531,2017,"Financial Year (Apr - Mar), 2017"
India,2017-18,Wheat,Rabi,3368,2017,"Financial Year (Apr - Mar), 2017"
India,2017-18,Jowar,Kharif,1104,2017,"Financial Year (Apr - Mar), 2017"
India,2017-18,Jowar,Rabi,853,2017,"Financial Year (Apr - Mar), 2017"
India,2017-18,Bajra,Kharif,1231,2017,"Financial Year (Apr - Mar), 2017"
India,2017-18,Maize,Kharif,2706,2017,"Financial Year (Apr - Mar), 2017"
India,2017-18,Maize,Rabi/Summer,4436,2017,"Financial Year (Apr - Mar), 2017"
India,2017-18,Ragi,Kharif,1662,2017,"Financial Year (Apr - Mar), 2017"
India,2017-18,Small Millets,Kharif,804,2017,"Financial Year (Apr - Mar), 2017"
India,2017-18,Barley,Rabi,2695,2017,"Financial Year (Apr - Mar), 2017"
India,2017-18,Nutri Cereals,Kharif,1818,2017,"Financial Year (Apr - Mar), 2017"
India,2017-18,Nutri Cereals,Rabi,2323,2017,"Financial Year (Apr - Mar), 2017"
India,2017-18,Cereals,Kharif,2259,2017,"Financial Year (Apr - Mar), 2017"
India,2017-18,Cereals,Rabi,3239,2017,"Financial Year (Apr - Mar), 2017"
India,2017-18,Tur (Arhar),Kharif,967,2017,"Financial Year (Apr - Mar), 2017"
India,2017-18,Gram,Rabi,1078,2017,"Financial Year (Apr - Mar), 2017"
India,2017-18,Urad,Kharif,632,2017,"Financial Year (Apr - Mar), 2017"
India,2017-18,Urad,Rabi,798,2017,"Financial Year (Apr - Mar), 2017"
India,2017-18,Moong,Kharif,440,2017,"Financial Year (Apr - Mar), 2017"
India,2017-18,Moong,Rabi,600,2017,"Financial Year (Apr - Mar), 2017"
India,2017-18,Lentil,Rabi,1047,2017,"Financial Year (Apr - Mar), 2017"
India,2017-18,Other Kharif Pulses,Kharif,441,2017,"Financial Year (Apr - Mar), 2017"
India,2017-18,Other Rabi Pulses,Rabi,957,2017,"Financial Year (Apr - Mar), 2017"
India,2017-18,Pulses,Kharif,668,2017,"Financial Year (Apr - Mar), 2017"
India,2017-18,Pulses,Rabi,1015,2017,"Financial Year (Apr - Mar), 2017"
India,2017-18,Foodgrains,Kharif,1951,2017,"Financial Year (Apr - Mar), 2017"
India,2017-18,Foodgrains,Rabi,2603,2017,"Financial Year (Apr - Mar), 2017"
India,2018-19,Rice,Autumn,,2018,"Financial Year (Apr - Mar), 2018"
India,2018-19,Rice,Winter,,2018,"Financial Year (Apr - Mar), 2018"
India,2018-19,Rice,Kharif,2553,2018,"Financial Year (Apr - Mar), 2018"
India,2018-19,Rice,Rabi/Summer,3444,2018,"Financial Year (Apr - Mar), 2018"
India,2018-19,Wheat,Rabi,3533,2018,"Financial Year (Apr - Mar), 2018"
India,2018-19,Jowar,Kharif,989,2018,"Financial Year (Apr - Mar), 2018"
India,2018-19,Jowar,Rabi,744,2018,"Financial Year (Apr - Mar), 2018"
India,2018-19,Bajra,Kharif,1219,2018,"Financial Year (Apr - Mar), 2018"
India,2018-19,Maize,Kharif,2648,2018,"Financial Year (Apr - Mar), 2018"
India,2018-19,Maize,Rabi/Summer,4893,2018,"Financial Year (Apr - Mar), 2018"
India,2018-19,Ragi,Kharif,1390,2018,"Financial Year (Apr - Mar), 2018"
India,2018-19,Small Millets,Kharif,734,2018,"Financial Year (Apr - Mar), 2018"
India,2018-19,Barley,Rabi,2837,2018,"Financial Year (Apr - Mar), 2018"
India,2018-19,Nutri Cereals,Kharif,1790,2018,"Financial Year (Apr - Mar), 2018"
India,2018-19,Nutri Cereals,Rabi,2532,2018,"Financial Year (Apr - Mar), 2018"
India,2018-19,Cereals,Kharif,2320,2018,"Financial Year (Apr - Mar), 2018"
India,2018-19,Cereals,Rabi,3403,2018,"Financial Year (Apr - Mar), 2018"
India,2018-19,Tur (Arhar),Kharif,729,2018,"Financial Year (Apr - Mar), 2018"
India,2018-19,Gram,Rabi,1041,2018,"Financial Year (Apr - Mar), 2018"
India,2018-19,Urad,Kharif,500,2018,"Financial Year (Apr - Mar), 2018"
India,2018-19,Urad,Rabi,796,2018,"Financial Year (Apr - Mar), 2018"
India,2018-19,Moong,Kharif,466,2018,"Financial Year (Apr - Mar), 2018"
India,2018-19,Moong,Rabi,726,2018,"Financial Year (Apr - Mar), 2018"
India,2018-19,Lentil,Rabi,901,2018,"Financial Year (Apr - Mar), 2018"
India,2018-19,Other Kharif Pulses,Kharif,365,2018,"Financial Year (Apr - Mar), 2018"
India,2018-19,Other Rabi Pulses,Rabi,897,2018,"Financial Year (Apr - Mar), 2018"
India,2018-19,Pulses,Kharif,546,2018,"Financial Year (Apr - Mar), 2018"
India,2018-19,Pulses,Rabi,976,2018,"Financial Year (Apr - Mar), 2018"
India,2018-19,Foodgrains,Kharif,1957,2018,"Financial Year (Apr - Mar), 2018"
India,2018-19,Foodgrains,Rabi,2740,2018,"Financial Year (Apr - Mar), 2018"
India,2019-20,Rice,Autumn,,2019,"Financial Year (Apr - Mar), 2019"
India,2019-20,Rice,Winter,,2019,"Financial Year (Apr - Mar), 2019"
India,2019-20,Rice,Kharif,2622,2019,"Financial Year (Apr - Mar), 2019"
India,2019-20,Rice,Rabi/Summer,3569,2019,"Financial Year (Apr - Mar), 2019"
India,2019-20,Wheat,Rabi,3440,2019,"Financial Year (Apr - Mar), 2019"
India,2019-20,Jowar,Kharif,967,2019,"Financial Year (Apr - Mar), 2019"
India,2019-20,Jowar,Rabi,1002,2019,"Financial Year (Apr - Mar), 2019"
India,2019-20,Bajra,Kharif,1374,2019,"Financial Year (Apr - Mar), 2019"
India,2019-20,Maize,Kharif,2572,2019,"Financial Year (Apr - Mar), 2019"
India,2019-20,Maize,Rabi/Summer,4631,2019,"Financial Year (Apr - Mar), 2019"
India,2019-20,Ragi,Kharif,1747,2019,"Financial Year (Apr - Mar), 2019"
India,2019-20,Small Millets,Kharif,809,2019,"Financial Year (Apr - Mar), 2019"
India,2019-20,Barley,Rabi,2920,2019,"Financial Year (Apr - Mar), 2019"
India,2019-20,Nutri Cereals,Kharif,1836,2019,"Financial Year (Apr - Mar), 2019"
India,2019-20,Nutri Cereals,Rabi,2491,2019,"Financial Year (Apr - Mar), 2019"
India,2019-20,Cereals,Kharif,2370,2019,"Financial Year (Apr - Mar), 2019"
India,2019-20,Cereals,Rabi,3325,2019,"Financial Year (Apr - Mar), 2019"
India,2019-20,Tur (Arhar),Kharif,859,2019,"Financial Year (Apr - Mar), 2019"
India,2019-20,Gram,Rabi,1142,2019,"Financial Year (Apr - Mar), 2019"
India,2019-20,Urad,Kharif,359,2019,"Financial Year (Apr - Mar), 2019"
India,2019-20,Urad,Rabi,904,2019,"Financial Year (Apr - Mar), 2019"
India,2019-20,Moong,Kharif,519,2019,"Financial Year (Apr - Mar), 2019"
India,2019-20,Moong,Rabi,642,2019,"Financial Year (Apr - Mar), 2019"
India,2019-20,Lentil,Rabi,847,2019,"Financial Year (Apr - Mar), 2019"
India,2019-20,Other Kharif Pulses,Kharif,491,2019,"Financial Year (Apr - Mar), 2019"
India,2019-20,Other Rabi Pulses,Rabi,954,2019,"Financial Year (Apr - Mar), 2019"
India,2019-20,Pulses,Kharif,585,2019,"Financial Year (Apr - Mar), 2019"
India,2019-20,Pulses,Rabi,1045,2019,"Financial Year (Apr - Mar), 2019"
India,2019-20,Foodgrains,Kharif,2029,2019,"Financial Year (Apr - Mar), 2019"
India,2019-20,Foodgrains,Rabi,2738,2019,"Financial Year (Apr - Mar), 2019"
India,2020-21,Rice,Autumn,,2020,"Financial Year (Apr - Mar), 2020"
India,2020-21,Rice,Winter,,2020,"Financial Year (Apr - Mar), 2020"
India,2020-21,Rice,Kharif,2610,2020,"Financial Year (Apr - Mar), 2020"
India,2020-21,Rice,Rabi/Summer,3530,2020,"Financial Year (Apr - Mar), 2020"
India,2020-21,Wheat,Rabi,3464,2020,"Financial Year (Apr - Mar), 2020"
India,2020-21,Jowar,Kharif,1204,2020,"Financial Year (Apr - Mar), 2020"
India,2020-21,Jowar,Rabi,1084,2020,"Financial Year (Apr - Mar), 2020"
India,2020-21,Bajra,Kharif,1436,2020,"Financial Year (Apr - Mar), 2020"
India,2020-21,Maize,Kharif,2745,2020,"Financial Year (Apr - Mar), 2020"
India,2020-21,Maize,Rabi/Summer,4908,2020,"Financial Year (Apr - Mar), 2020"
India,2020-21,Ragi,Kharif,1711,2020,"Financial Year (Apr - Mar), 2020"
India,2020-21,Small Millets,Kharif,844,2020,"Financial Year (Apr - Mar), 2020"
India,2020-21,Barley,Rabi,2805,2020,"Financial Year (Apr - Mar), 2020"
India,2020-21,Nutri Cereals,Kharif,1974,2020,"Financial Year (Apr - Mar), 2020"
India,2020-21,Nutri Cereals,Rabi,2741,2020,"Financial Year (Apr - Mar), 2020"
India,2020-21,Cereals,Kharif,2409,2020,"Financial Year (Apr - Mar), 2020"
India,2020-21,Cereals,Rabi,3380,2020,"Financial Year (Apr - Mar), 2020"
India,2020-21,Tur (Arhar),Kharif,892,2020,"Financial Year (Apr - Mar), 2020"
India,2020-21,Gram,Rabi,1217,2020,"Financial Year (Apr - Mar), 2020"
India,2020-21,Urad,Kharif,490,2020,"Financial Year (Apr - Mar), 2020"
India,2020-21,Urad,Rabi,790,2020,"Financial Year (Apr - Mar), 2020"
India,2020-21,Moong,Kharif,522,2020,"Financial Year (Apr - Mar), 2020"
India,2020-21,Moong,Rabi,831,2020,"Financial Year (Apr - Mar), 2020"
India,2020-21,Lentil,Rabi,1001,2020,"Financial Year (Apr - Mar), 2020"
India,2020-21,Other Kharif Pulses,Kharif,484,2020,"Financial Year (Apr - Mar), 2020"
India,2020-21,Other Rabi Pulses,Rabi,1025,2020,"Financial Year (Apr - Mar), 2020"
India,2020-21,Pulses,Kharif,640,2020,"Financial Year (Apr - Mar), 2020"
India,2020-21,Pulses,Rabi,1116,2020,"Financial Year (Apr - Mar), 2020"
India,2020-21,Foodgrains,Kharif,2076,2020,"Financial Year (Apr - Mar), 2020"
India,2020-21,Foodgrains,Rabi,2777,2020,"Financial Year (Apr - Mar), 2020"
