ROWID,Country,SourceYear,Crop name,Season,Estimates of yield,Comments,YearCode,Year
1,India,2004-05,Pulses Other Than Tur,Kharif,304,,2004,"Financial Year (Apr - Mar), 2004"
2,India,2004-05,Pulses,Kharif,417,,2004,"Financial Year (Apr - Mar), 2004"
3,India,2004-05,Small Millets,Kharif,434,,2004,"Financial Year (Apr - Mar), 2004"
4,India,2004-05,Pulses Other Than Gram,Rabi,622,,2004,"Financial Year (Apr - Mar), 2004"
5,India,2004-05,Jowar,Rabi,641,,2004,"Financial Year (Apr - Mar), 2004"
6,India,2004-05,Tur (Arhar),Kharif,667,,2004,"Financial Year (Apr - Mar), 2004"
7,India,2004-05,Pulses,Rabi,735,,2004,"Financial Year (Apr - Mar), 2004"
8,India,2004-05,Gram,Rabi,815,,2004,"Financial Year (Apr - Mar), 2004"
9,India,2004-05,Bajra,Kharif,859,,2004,"Financial Year (Apr - Mar), 2004"
10,India,2004-05,Jowar,Kharif,987,,2004,"Financial Year (Apr - Mar), 2004"
11,India,2004-05,Coarse Cereals,Rabi,1102,,2004,"Financial Year (Apr - Mar), 2004"
12,India,2004-05,Coarse Cereals,Kharif,1168,,2004,"Financial Year (Apr - Mar), 2004"
13,India,2004-05,Rice,Autumn,1327,,2004,"Financial Year (Apr - Mar), 2004"
14,India,2004-05,Foodgrains,Kharif,1430,,2004,"Financial Year (Apr - Mar), 2004"
15,India,2004-05,Ragi,Kharif,1567,,2004,"Financial Year (Apr - Mar), 2004"
16,India,2004-05,Cereals,Kharif,1618,,2004,"Financial Year (Apr - Mar), 2004"
17,India,2004-05,Maize,Kharif,1740,,2004,"Financial Year (Apr - Mar), 2004"
18,India,2004-05,Rice,Winter,1756,,2004,"Financial Year (Apr - Mar), 2004"
19,India,2004-05,Barley,Rabi,1958,,2004,"Financial Year (Apr - Mar), 2004"
20,India,2004-05,Foodgrains,Rabi,1988,,2004,"Financial Year (Apr - Mar), 2004"
21,India,2004-05,Rice,Kharif,2039,,2004,"Financial Year (Apr - Mar), 2004"
22,India,2004-05,Cereals,Rabi,2382,,2004,"Financial Year (Apr - Mar), 2004"
23,India,2004-05,Wheat,Rabi,2602,,2004,"Financial Year (Apr - Mar), 2004"
24,India,2004-05,Rice,Rabi/Summer,3077,,2004,"Financial Year (Apr - Mar), 2004"
25,India,2004-05,Maize,Rabi/Summer,3224,,2004,"Financial Year (Apr - Mar), 2004"
26,India,2005-06,Other Kharif Pulses,Kharif,237,,2005,"Financial Year (Apr - Mar), 2005"
27,India,2005-06,Moong,Kharif,277,,2005,"Financial Year (Apr - Mar), 2005"
28,India,2005-06,Urad,Kharif,386,,2005,"Financial Year (Apr - Mar), 2005"
29,India,2005-06,Moong,Rabi,414,,2005,"Financial Year (Apr - Mar), 2005"
30,India,2005-06,Small Millets,Kharif,443,,2005,"Financial Year (Apr - Mar), 2005"
31,India,2005-06,Pulses,Kharif,456,,2005,"Financial Year (Apr - Mar), 2005"
32,India,2005-06,Urad,Rabi,540,,2005,"Financial Year (Apr - Mar), 2005"
33,India,2005-06,Lentil,Rabi,628,,2005,"Financial Year (Apr - Mar), 2005"
34,India,2005-06,Other Rabi Pulses,Rabi,687,,2005,"Financial Year (Apr - Mar), 2005"
35,India,2005-06,Jowar,Rabi,726,,2005,"Financial Year (Apr - Mar), 2005"
36,India,2005-06,Pulses,Rabi,727,,2005,"Financial Year (Apr - Mar), 2005"
37,India,2005-06,Tur (Arhar),Kharif,765,,2005,"Financial Year (Apr - Mar), 2005"
38,India,2005-06,Bajra,Kharif,802,,2005,"Financial Year (Apr - Mar), 2005"
39,India,2005-06,Gram,Rabi,808,,2005,"Financial Year (Apr - Mar), 2005"
40,India,2005-06,Jowar,Kharif,1082,,2005,"Financial Year (Apr - Mar), 2005"
41,India,2005-06,Nutri Cereals,Rabi,1152,,2005,"Financial Year (Apr - Mar), 2005"
42,India,2005-06,Nutri Cereals,Kharif,1178,,2005,"Financial Year (Apr - Mar), 2005"
43,India,2005-06,Rice,Autumn,1349,,2005,"Financial Year (Apr - Mar), 2005"
44,India,2005-06,Foodgrains,Kharif,1511,,2005,"Financial Year (Apr - Mar), 2005"
45,India,2005-06,Ragi,Kharif,1534,,2005,"Financial Year (Apr - Mar), 2005"
46,India,2005-06,Cereals,Kharif,1693,,2005,"Financial Year (Apr - Mar), 2005"
47,India,2005-06,Rice,Winter,1795,,2005,"Financial Year (Apr - Mar), 2005"
48,India,2005-06,Maize,Kharif,1799,,2005,"Financial Year (Apr - Mar), 2005"
49,India,2005-06,Barley,Rabi,1938,,2005,"Financial Year (Apr - Mar), 2005"
50,India,2005-06,Foodgrains,Rabi,2020,,2005,"Financial Year (Apr - Mar), 2005"
51,India,2005-06,Rice,Kharif,2199,,2005,"Financial Year (Apr - Mar), 2005"
52,India,2005-06,Cereals,Rabi,2427,,2005,"Financial Year (Apr - Mar), 2005"
53,India,2005-06,Wheat,Rabi,2619,,2005,"Financial Year (Apr - Mar), 2005"
54,India,2005-06,Maize,Rabi/Summer,3076,,2005,"Financial Year (Apr - Mar), 2005"
55,India,2005-06,Rice,Rabi/Summer,3127,,2005,"Financial Year (Apr - Mar), 2005"
56,India,2006-07,Other Kharif Pulses,Kharif,309,,2006,"Financial Year (Apr - Mar), 2006"
57,India,2006-07,Moong,Kharif,328,,2006,"Financial Year (Apr - Mar), 2006"
58,India,2006-07,Urad,Kharif,412,,2006,"Financial Year (Apr - Mar), 2006"
59,India,2006-07,Moong,Rabi,434,,2006,"Financial Year (Apr - Mar), 2006"
60,India,2006-07,Pulses,Kharif,449,,2006,"Financial Year (Apr - Mar), 2006"
61,India,2006-07,Small Millets,Kharif,475,,2006,"Financial Year (Apr - Mar), 2006"
62,India,2006-07,Lentil,Rabi,621,,2006,"Financial Year (Apr - Mar), 2006"
63,India,2006-07,Urad,Rabi,640,,2006,"Financial Year (Apr - Mar), 2006"
64,India,2006-07,Tur (Arhar),Kharif,650,,2006,"Financial Year (Apr - Mar), 2006"
65,India,2006-07,Other Rabi Pulses,Rabi,654,,2006,"Financial Year (Apr - Mar), 2006"
66,India,2006-07,Jowar,Rabi,727,,2006,"Financial Year (Apr - Mar), 2006"
67,India,2006-07,Pulses,Rabi,751,,2006,"Financial Year (Apr - Mar), 2006"
68,India,2006-07,Gram,Rabi,845,,2006,"Financial Year (Apr - Mar), 2006"
69,India,2006-07,Bajra,Kharif,886,,2006,"Financial Year (Apr - Mar), 2006"
70,India,2006-07,Jowar,Kharif,992,,2006,"Financial Year (Apr - Mar), 2006"
71,India,2006-07,Nutri Cereals,Kharif,1144,,2006,"Financial Year (Apr - Mar), 2006"
72,India,2006-07,Ragi,Kharif,1226,,2006,"Financial Year (Apr - Mar), 2006"
73,India,2006-07,Nutri Cereals,Rabi,1316,,2006,"Financial Year (Apr - Mar), 2006"
74,India,2006-07,Foodgrains,Kharif,1522,,2006,"Financial Year (Apr - Mar), 2006"
75,India,2006-07,Maize,Kharif,1660,,2006,"Financial Year (Apr - Mar), 2006"
76,India,2006-07,Cereals,Kharif,1706,,2006,"Financial Year (Apr - Mar), 2006"
77,India,2006-07,Rice,Kharif,1963,,2006,"Financial Year (Apr - Mar), 2006"
78,India,2006-07,Rice,Winter,2000,,2006,"Financial Year (Apr - Mar), 2006"
79,India,2006-07,Barley,Rabi,2055,,2006,"Financial Year (Apr - Mar), 2006"
80,India,2006-07,Foodgrains,Rabi,2091,,2006,"Financial Year (Apr - Mar), 2006"
81,India,2006-07,Cereals,Rabi,2526,,2006,"Financial Year (Apr - Mar), 2006"
82,India,2006-07,Wheat,Rabi,2708,,2006,"Financial Year (Apr - Mar), 2006"
83,India,2006-07,Rice,Autumn,2804,,2006,"Financial Year (Apr - Mar), 2006"
84,India,2006-07,Rice,Rabi/Summer,3130,,2006,"Financial Year (Apr - Mar), 2006"
85,India,2006-07,Maize,Rabi/Summer,3793,,2006,"Financial Year (Apr - Mar), 2006"
86,India,2007-08,Moong,Rabi,400,,2007,"Financial Year (Apr - Mar), 2007"
87,India,2007-08,Other Kharif Pulses,Kharif,405,,2007,"Financial Year (Apr - Mar), 2007"
88,India,2007-08,Urad,Rabi,405,,2007,"Financial Year (Apr - Mar), 2007"
89,India,2007-08,Moong,Kharif,410,,2007,"Financial Year (Apr - Mar), 2007"
90,India,2007-08,Urad,Kharif,475,,2007,"Financial Year (Apr - Mar), 2007"
91,India,2007-08,Small Millets,Kharif,530,,2007,"Financial Year (Apr - Mar), 2007"
92,India,2007-08,Pulses,Kharif,557,,2007,"Financial Year (Apr - Mar), 2007"
93,India,2007-08,Lentil,Rabi,622,,2007,"Financial Year (Apr - Mar), 2007"
94,India,2007-08,Other Rabi Pulses,Rabi,674,,2007,"Financial Year (Apr - Mar), 2007"
95,India,2007-08,Pulses,Rabi,688,,2007,"Financial Year (Apr - Mar), 2007"
96,India,2007-08,Gram,Rabi,762,,2007,"Financial Year (Apr - Mar), 2007"
97,India,2007-08,Tur (Arhar),Kharif,826,,2007,"Financial Year (Apr - Mar), 2007"
98,India,2007-08,Jowar,Rabi,894,,2007,"Financial Year (Apr - Mar), 2007"
99,India,2007-08,Bajra,Kharif,1042,,2007,"Financial Year (Apr - Mar), 2007"
100,India,2007-08,Jowar,Kharif,1176,,2007,"Financial Year (Apr - Mar), 2007"
101,India,2007-08,Nutri Cereals,Kharif,1410,,2007,"Financial Year (Apr - Mar), 2007"
102,India,2007-08,Nutri Cereals,Rabi,1510,,2007,"Financial Year (Apr - Mar), 2007"
103,India,2007-08,Ragi,Kharif,1552,,2007,"Financial Year (Apr - Mar), 2007"
104,India,2007-08,Foodgrains,Kharif,1645,,2007,"Financial Year (Apr - Mar), 2007"
105,India,2007-08,Cereals,Kharif,1846,,2007,"Financial Year (Apr - Mar), 2007"
106,India,2007-08,Rice,Winter,1892,,2007,"Financial Year (Apr - Mar), 2007"
107,India,2007-08,Barley,Rabi,1985,,2007,"Financial Year (Apr - Mar), 2007"
108,India,2007-08,Maize,Kharif,2122,,2007,"Financial Year (Apr - Mar), 2007"
109,India,2007-08,Rice,Kharif,2138,,2007,"Financial Year (Apr - Mar), 2007"
110,India,2007-08,Foodgrains,Rabi,2174,,2007,"Financial Year (Apr - Mar), 2007"
111,India,2007-08,Cereals,Rabi,2645,,2007,"Financial Year (Apr - Mar), 2007"
112,India,2007-08,Wheat,Rabi,2802,,2007,"Financial Year (Apr - Mar), 2007"
113,India,2007-08,Rice,Autumn,2892,,2007,"Financial Year (Apr - Mar), 2007"
114,India,2007-08,Rice,Rabi/Summer,3149,,2007,"Financial Year (Apr - Mar), 2007"
115,India,2007-08,Maize,Rabi/Summer,3854,,2007,"Financial Year (Apr - Mar), 2007"
116,India,2008-09,Moong,Kharif,348,,2008,"Financial Year (Apr - Mar), 2008"
117,India,2008-09,Other Kharif Pulses,Kharif,367,,2008,"Financial Year (Apr - Mar), 2008"
118,India,2008-09,Urad,Kharif,419,,2008,"Financial Year (Apr - Mar), 2008"
119,India,2008-09,Moong,Rabi,423,,2008,"Financial Year (Apr - Mar), 2008"
120,India,2008-09,Pulses,Kharif,478,,2008,"Financial Year (Apr - Mar), 2008"
121,India,2008-09,Small Millets,Kharif,491,,2008,"Financial Year (Apr - Mar), 2008"
122,India,2008-09,Urad,Rabi,506,,2008,"Financial Year (Apr - Mar), 2008"
123,India,2008-09,Tur (Arhar),Kharif,671,,2008,"Financial Year (Apr - Mar), 2008"
124,India,2008-09,Lentil,Rabi,693,,2008,"Financial Year (Apr - Mar), 2008"
125,India,2008-09,Other Rabi Pulses,Rabi,737,,2008,"Financial Year (Apr - Mar), 2008"
126,India,2008-09,Pulses,Rabi,804,,2008,"Financial Year (Apr - Mar), 2008"
127,India,2008-09,Gram,Rabi,895,,2008,"Financial Year (Apr - Mar), 2008"
128,India,2008-09,Jowar,Rabi,904,,2008,"Financial Year (Apr - Mar), 2008"
129,India,2008-09,Bajra,Kharif,1015,,2008,"Financial Year (Apr - Mar), 2008"
130,India,2008-09,Jowar,Kharif,1055,,2008,"Financial Year (Apr - Mar), 2008"
131,India,2008-09,Nutri Cereals,Kharif,1371,,2008,"Financial Year (Apr - Mar), 2008"
132,India,2008-09,Ragi,Kharif,1477,,2008,"Financial Year (Apr - Mar), 2008"
133,India,2008-09,Foodgrains,Kharif,1654,,2008,"Financial Year (Apr - Mar), 2008"
134,India,2008-09,Nutri Cereals,Rabi,1735,,2008,"Financial Year (Apr - Mar), 2008"
135,India,2008-09,Cereals,Kharif,1841,,2008,"Financial Year (Apr - Mar), 2008"
136,India,2008-09,Rice,Winter,1968,,2008,"Financial Year (Apr - Mar), 2008"
137,India,2008-09,Maize,Kharif,2048,,2008,"Financial Year (Apr - Mar), 2008"
138,India,2008-09,Rice,Kharif,2054,,2008,"Financial Year (Apr - Mar), 2008"
139,India,2008-09,Foodgrains,Rabi,2263,,2008,"Financial Year (Apr - Mar), 2008"
140,India,2008-09,Barley,Rabi,2394,,2008,"Financial Year (Apr - Mar), 2008"
141,India,2008-09,Cereals,Rabi,2721,,2008,"Financial Year (Apr - Mar), 2008"
142,India,2008-09,Wheat,Rabi,2907,,2008,"Financial Year (Apr - Mar), 2008"
143,India,2008-09,Rice,Rabi/Summer,3010,,2008,"Financial Year (Apr - Mar), 2008"
144,India,2008-09,Rice,Autumn,3107,,2008,"Financial Year (Apr - Mar), 2008"
145,India,2008-09,Maize,Rabi/Summer,4387,,2008,"Financial Year (Apr - Mar), 2008"
146,India,2009-10,Moong,Kharif,180,,2009,"Financial Year (Apr - Mar), 2009"
147,India,2009-10,Other Kharif Pulses,Kharif,200,,2009,"Financial Year (Apr - Mar), 2009"
148,India,2009-10,Urad,Kharif,363,,2009,"Financial Year (Apr - Mar), 2009"
149,India,2009-10,Pulses,Kharif,397,,2009,"Financial Year (Apr - Mar), 2009"
150,India,2009-10,Moong,Rabi,409,,2009,"Financial Year (Apr - Mar), 2009"
151,India,2009-10,Small Millets,Kharif,460,,2009,"Financial Year (Apr - Mar), 2009"
152,India,2009-10,Urad,Rabi,586,,2009,"Financial Year (Apr - Mar), 2009"
153,India,2009-10,Lentil,Rabi,697,,2009,"Financial Year (Apr - Mar), 2009"
154,India,2009-10,Tur (Arhar),Kharif,711,,2009,"Financial Year (Apr - Mar), 2009"
155,India,2009-10,Bajra,Kharif,731,,2009,"Financial Year (Apr - Mar), 2009"
156,India,2009-10,Other Rabi Pulses,Rabi,753,,2009,"Financial Year (Apr - Mar), 2009"
157,India,2009-10,Pulses,Rabi,823,,2009,"Financial Year (Apr - Mar), 2009"
158,India,2009-10,Jowar,Kharif,853,,2009,"Financial Year (Apr - Mar), 2009"
159,India,2009-10,Jowar,Rabi,865,,2009,"Financial Year (Apr - Mar), 2009"
160,India,2009-10,Gram,Rabi,915,,2009,"Financial Year (Apr - Mar), 2009"
161,India,2009-10,Nutri Cereals,Kharif,1119,,2009,"Financial Year (Apr - Mar), 2009"
162,India,2009-10,Ragi,Kharif,1489,,2009,"Financial Year (Apr - Mar), 2009"
163,India,2009-10,Foodgrains,Kharif,1496,,2009,"Financial Year (Apr - Mar), 2009"
164,India,2009-10,Nutri Cereals,Rabi,1525,,2009,"Financial Year (Apr - Mar), 2009"
165,India,2009-10,Cereals,Kharif,1693,,2009,"Financial Year (Apr - Mar), 2009"
166,India,2009-10,Maize,Kharif,1740,,2009,"Financial Year (Apr - Mar), 2009"
167,India,2009-10,Rice,Winter,1939,,2009,"Financial Year (Apr - Mar), 2009"
168,India,2009-10,Rice,Kharif,2053,,2009,"Financial Year (Apr - Mar), 2009"
169,India,2009-10,Barley,Rabi,2172,,2009,"Financial Year (Apr - Mar), 2009"
170,India,2009-10,Rice,Autumn,2186,,2009,"Financial Year (Apr - Mar), 2009"
171,India,2009-10,Foodgrains,Rabi,2202,,2009,"Financial Year (Apr - Mar), 2009"
172,India,2009-10,Cereals,Rabi,2649,,2009,"Financial Year (Apr - Mar), 2009"
173,India,2009-10,Wheat,Rabi,2839,,2009,"Financial Year (Apr - Mar), 2009"
174,India,2009-10,Rice,Rabi/Summer,3055,,2009,"Financial Year (Apr - Mar), 2009"
175,India,2009-10,Maize,Rabi/Summer,3694,,2009,"Financial Year (Apr - Mar), 2009"
176,India,2010-11,Moong,Rabi,404,,2010,"Financial Year (Apr - Mar), 2010"
177,India,2010-11,Urad,Rabi,489,,2010,"Financial Year (Apr - Mar), 2010"
178,India,2010-11,Other Kharif Pulses,Kharif,511,,2010,"Financial Year (Apr - Mar), 2010"
179,India,2010-11,Moong,Kharif,538,,2010,"Financial Year (Apr - Mar), 2010"
180,India,2010-11,Small Millets,Kharif,553,,2010,"Financial Year (Apr - Mar), 2010"
181,India,2010-11,Urad,Kharif,557,,2010,"Financial Year (Apr - Mar), 2010"
182,India,2010-11,Pulses,Kharif,578,,2010,"Financial Year (Apr - Mar), 2010"
183,India,2010-11,Lentil,Rabi,591,,2010,"Financial Year (Apr - Mar), 2010"
184,India,2010-11,Tur (Arhar),Kharif,655,,2010,"Financial Year (Apr - Mar), 2010"
185,India,2010-11,Other Rabi Pulses,Rabi,708,,2010,"Financial Year (Apr - Mar), 2010"
186,India,2010-11,Pulses,Rabi,790,,2010,"Financial Year (Apr - Mar), 2010"
187,India,2010-11,Jowar,Rabi,827,,2010,"Financial Year (Apr - Mar), 2010"
188,India,2010-11,Gram,Rabi,895,,2010,"Financial Year (Apr - Mar), 2010"
189,India,2010-11,Bajra,Kharif,1079,,2010,"Financial Year (Apr - Mar), 2010"
190,India,2010-11,Jowar,Kharif,1119,,2010,"Financial Year (Apr - Mar), 2010"
191,India,2010-11,Nutri Cereals,Kharif,1500,,2010,"Financial Year (Apr - Mar), 2010"
192,India,2010-11,Nutri Cereals,Rabi,1641,,2010,"Financial Year (Apr - Mar), 2010"
193,India,2010-11,Foodgrains,Kharif,1669,,2010,"Financial Year (Apr - Mar), 2010"
194,India,2010-11,Ragi,Kharif,1705,,2010,"Financial Year (Apr - Mar), 2010"
195,India,2010-11,Rice,Autumn,1776,,2010,"Financial Year (Apr - Mar), 2010"
196,India,2010-11,Cereals,Kharif,1893,,2010,"Financial Year (Apr - Mar), 2010"
197,India,2010-11,Rice,Kharif,2050,,2010,"Financial Year (Apr - Mar), 2010"
198,India,2010-11,Foodgrains,Rabi,2278,,2010,"Financial Year (Apr - Mar), 2010"
199,India,2010-11,Maize,Kharif,2285,,2010,"Financial Year (Apr - Mar), 2010"
200,India,2010-11,Rice,Winter,2338,,2010,"Financial Year (Apr - Mar), 2010"
201,India,2010-11,Barley,Rabi,2357,,2010,"Financial Year (Apr - Mar), 2010"
202,India,2010-11,Cereals,Rabi,2800,,2010,"Financial Year (Apr - Mar), 2010"
203,India,2010-11,Wheat,Rabi,2989,,2010,"Financial Year (Apr - Mar), 2010"
204,India,2010-11,Rice,Rabi/Summer,3173,,2010,"Financial Year (Apr - Mar), 2010"
205,India,2010-11,Maize,Rabi/Summer,4003,,2010,"Financial Year (Apr - Mar), 2010"
206,India,2011-12,Other Kharif Pulses,Kharif,420,,2011,"Financial Year (Apr - Mar), 2011"
207,India,2011-12,Moong,Kharif,475,,2011,"Financial Year (Apr - Mar), 2011"
208,India,2011-12,Moong,Rabi,508,,2011,"Financial Year (Apr - Mar), 2011"
209,India,2011-12,Urad,Kharif,523,,2011,"Financial Year (Apr - Mar), 2011"
210,India,2011-12,Pulses,Kharif,541,,2011,"Financial Year (Apr - Mar), 2011"
211,India,2011-12,Small Millets,Kharif,565,,2011,"Financial Year (Apr - Mar), 2011"
212,India,2011-12,Urad,Rabi,621,,2011,"Financial Year (Apr - Mar), 2011"
213,India,2011-12,Tur (Arhar),Kharif,662,,2011,"Financial Year (Apr - Mar), 2011"
214,India,2011-12,Lentil,Rabi,678,,2011,"Financial Year (Apr - Mar), 2011"
215,India,2011-12,Jowar,Rabi,741,,2011,"Financial Year (Apr - Mar), 2011"
216,India,2011-12,Other Rabi Pulses,Rabi,765,,2011,"Financial Year (Apr - Mar), 2011"
217,India,2011-12,Pulses,Rabi,831,,2011,"Financial Year (Apr - Mar), 2011"
218,India,2011-12,Gram,Rabi,928,,2011,"Financial Year (Apr - Mar), 2011"
219,India,2011-12,Bajra,Kharif,1171,,2011,"Financial Year (Apr - Mar), 2011"
220,India,2011-12,Jowar,Kharif,1257,,2011,"Financial Year (Apr - Mar), 2011"
221,India,2011-12,Nutri Cereals,Kharif,1563,,2011,"Financial Year (Apr - Mar), 2011"
222,India,2011-12,Ragi,Kharif,1641,,2011,"Financial Year (Apr - Mar), 2011"
223,India,2011-12,Nutri Cereals,Rabi,1689,,2011,"Financial Year (Apr - Mar), 2011"
224,India,2011-12,Foodgrains,Kharif,1821,,2011,"Financial Year (Apr - Mar), 2011"
225,India,2011-12,Rice,Autumn,1938,,2011,"Financial Year (Apr - Mar), 2011"
226,India,2011-12,Cereals,Kharif,2056,,2011,"Financial Year (Apr - Mar), 2011"
227,India,2011-12,Maize,Kharif,2234,,2011,"Financial Year (Apr - Mar), 2011"
228,India,2011-12,Rice,Winter,2257,,2011,"Financial Year (Apr - Mar), 2011"
229,India,2011-12,Rice,Kharif,2399,,2011,"Financial Year (Apr - Mar), 2011"
230,India,2011-12,Foodgrains,Rabi,2430,,2011,"Financial Year (Apr - Mar), 2011"
231,India,2011-12,Barley,Rabi,2516,,2011,"Financial Year (Apr - Mar), 2011"
232,India,2011-12,Cereals,Rabi,2969,,2011,"Financial Year (Apr - Mar), 2011"
233,India,2011-12,Wheat,Rabi,3177,,2011,"Financial Year (Apr - Mar), 2011"
234,India,2011-12,Rice,Rabi/Summer,3238,,2011,"Financial Year (Apr - Mar), 2011"
235,India,2011-12,Maize,Rabi/Summer,3765,,2011,"Financial Year (Apr - Mar), 2011"
236,India,2012-13,Other Kharif Pulses,Kharif,377,,2012,"Financial Year (Apr - Mar), 2012"
237,India,2012-13,Moong,Kharif,400,,2012,"Financial Year (Apr - Mar), 2012"
238,India,2012-13,Moong,Rabi,538,,2012,"Financial Year (Apr - Mar), 2012"
239,India,2012-13,Small Millets,Kharif,578,,2012,"Financial Year (Apr - Mar), 2012"
240,India,2012-13,Pulses,Kharif,594,,2012,"Financial Year (Apr - Mar), 2012"
241,India,2012-13,Urad,Kharif,606,,2012,"Financial Year (Apr - Mar), 2012"
242,India,2012-13,Jowar,Rabi,644,,2012,"Financial Year (Apr - Mar), 2012"
243,India,2012-13,Urad,Rabi,682,,2012,"Financial Year (Apr - Mar), 2012"
244,India,2012-13,Tur (Arhar),Kharif,776,,2012,"Financial Year (Apr - Mar), 2012"
245,India,2012-13,Lentil,Rabi,797,,2012,"Financial Year (Apr - Mar), 2012"
246,India,2012-13,Other Rabi Pulses,Rabi,840,,2012,"Financial Year (Apr - Mar), 2012"
247,India,2012-13,Pulses,Rabi,934,,2012,"Financial Year (Apr - Mar), 2012"
248,India,2012-13,Gram,Rabi,1036,,2012,"Financial Year (Apr - Mar), 2012"
249,India,2012-13,Jowar,Kharif,1171,,2012,"Financial Year (Apr - Mar), 2012"
250,India,2012-13,Bajra,Kharif,1198,,2012,"Financial Year (Apr - Mar), 2012"
251,India,2012-13,Ragi,Kharif,1392,,2012,"Financial Year (Apr - Mar), 2012"
252,India,2012-13,Nutri Cereals,Kharif,1583,,2012,"Financial Year (Apr - Mar), 2012"
253,India,2012-13,Nutri Cereals,Rabi,1725,,2012,"Financial Year (Apr - Mar), 2012"
254,India,2012-13,Foodgrains,Kharif,1892,,2012,"Financial Year (Apr - Mar), 2012"
255,India,2012-13,Cereals,Kharif,2116,,2012,"Financial Year (Apr - Mar), 2012"
256,India,2012-13,Maize,Kharif,2246,,2012,"Financial Year (Apr - Mar), 2012"
257,India,2012-13,Foodgrains,Rabi,2431,,2012,"Financial Year (Apr - Mar), 2012"
258,India,2012-13,Barley,Rabi,2521,,2012,"Financial Year (Apr - Mar), 2012"
259,India,2012-13,Cereals,Rabi,2931,,2012,"Financial Year (Apr - Mar), 2012"
260,India,2012-13,Wheat,Rabi,3117,,2012,"Financial Year (Apr - Mar), 2012"
261,India,2012-13,Rice,Rabi/Summer,3353,,2012,"Financial Year (Apr - Mar), 2012"
262,India,2012-13,Maize,Rabi/Summer,4152,,2012,"Financial Year (Apr - Mar), 2012"
263,India,2012-13,Rice,Autumn,,,2012,"Financial Year (Apr - Mar), 2012"
264,India,2012-13,Rice,Kharif,,,2012,"Financial Year (Apr - Mar), 2012"
265,India,2012-13,Rice,Winter,,,2012,"Financial Year (Apr - Mar), 2012"
266,India,2013-14,Moong,Kharif,409,,2013,"Financial Year (Apr - Mar), 2013"
267,India,2013-14,Other Kharif Pulses,Kharif,409,,2013,"Financial Year (Apr - Mar), 2013"
268,India,2013-14,Urad,Kharif,490,,2013,"Financial Year (Apr - Mar), 2013"
269,India,2013-14,Pulses,Kharif,580,,2013,"Financial Year (Apr - Mar), 2013"
270,India,2013-14,Moong,Rabi,620,,2013,"Financial Year (Apr - Mar), 2013"
271,India,2013-14,Small Millets,Kharif,630,,2013,"Financial Year (Apr - Mar), 2013"
272,India,2013-14,Lentil,Rabi,759,,2013,"Financial Year (Apr - Mar), 2013"
273,India,2013-14,Urad,Rabi,768,,2013,"Financial Year (Apr - Mar), 2013"
274,India,2013-14,Tur (Arhar),Kharif,813,,2013,"Financial Year (Apr - Mar), 2013"
275,India,2013-14,Other Rabi Pulses,Rabi,816,,2013,"Financial Year (Apr - Mar), 2013"
276,India,2013-14,Pulses,Rabi,891,,2013,"Financial Year (Apr - Mar), 2013"
277,India,2013-14,Jowar,Rabi,896,,2013,"Financial Year (Apr - Mar), 2013"
278,India,2013-14,Gram,Rabi,960,,2013,"Financial Year (Apr - Mar), 2013"
279,India,2013-14,Jowar,Kharif,1050,,2013,"Financial Year (Apr - Mar), 2013"
280,India,2013-14,Bajra,Kharif,1184,,2013,"Financial Year (Apr - Mar), 2013"
281,India,2013-14,Nutri Cereals,Kharif,1619,,2013,"Financial Year (Apr - Mar), 2013"
282,India,2013-14,Ragi,Kharif,1661,,2013,"Financial Year (Apr - Mar), 2013"
283,India,2013-14,Foodgrains,Kharif,1864,,2013,"Financial Year (Apr - Mar), 2013"
284,India,2013-14,Nutri Cereals,Rabi,2034,,2013,"Financial Year (Apr - Mar), 2013"
285,India,2013-14,Cereals,Kharif,2089,,2013,"Financial Year (Apr - Mar), 2013"
286,India,2013-14,Rice,Autumn,2158,,2013,"Financial Year (Apr - Mar), 2013"
287,India,2013-14,Maize,Kharif,2346,,2013,"Financial Year (Apr - Mar), 2013"
288,India,2013-14,Rice,Kharif,2434,,2013,"Financial Year (Apr - Mar), 2013"
289,India,2013-14,Foodgrains,Rabi,2435,,2013,"Financial Year (Apr - Mar), 2013"
290,India,2013-14,Barley,Rabi,2718,,2013,"Financial Year (Apr - Mar), 2013"
291,India,2013-14,Cereals,Rabi,2995,,2013,"Financial Year (Apr - Mar), 2013"
292,India,2013-14,Wheat,Rabi,3145,,2013,"Financial Year (Apr - Mar), 2013"
293,India,2013-14,Rice,Rabi/Summer,3232,,2013,"Financial Year (Apr - Mar), 2013"
294,India,2013-14,Maize,Rabi/Summer,4050,,2013,"Financial Year (Apr - Mar), 2013"
295,India,2013-14,Rice,Winter,,,2013,"Financial Year (Apr - Mar), 2013"
296,India,2014-15,Moong,Kharif,428,,2014,"Financial Year (Apr - Mar), 2014"
297,India,2014-15,Other Kharif Pulses,Kharif,474,,2014,"Financial Year (Apr - Mar), 2014"
298,India,2014-15,Urad,Kharif,516,,2014,"Financial Year (Apr - Mar), 2014"
299,India,2014-15,Pulses,Kharif,573,,2014,"Financial Year (Apr - Mar), 2014"
300,India,2014-15,Moong,Rabi,640,,2014,"Financial Year (Apr - Mar), 2014"
301,India,2014-15,Small Millets,Kharif,654,,2014,"Financial Year (Apr - Mar), 2014"
302,India,2014-15,Lentil,Rabi,705,,2014,"Financial Year (Apr - Mar), 2014"
303,India,2014-15,Tur (Arhar),Kharif,729,,2014,"Financial Year (Apr - Mar), 2014"
304,India,2014-15,Jowar,Rabi,808,,2014,"Financial Year (Apr - Mar), 2014"
305,India,2014-15,Other Rabi Pulses,Rabi,833,,2014,"Financial Year (Apr - Mar), 2014"
306,India,2014-15,Pulses,Rabi,843,,2014,"Financial Year (Apr - Mar), 2014"
307,India,2014-15,Gram,Rabi,889,,2014,"Financial Year (Apr - Mar), 2014"
308,India,2014-15,Urad,Rabi,891,,2014,"Financial Year (Apr - Mar), 2014"
309,India,2014-15,Jowar,Kharif,1014,,2014,"Financial Year (Apr - Mar), 2014"
310,India,2014-15,Bajra,Kharif,1255,,2014,"Financial Year (Apr - Mar), 2014"
311,India,2014-15,Nutri Cereals,Kharif,1633,,2014,"Financial Year (Apr - Mar), 2014"
312,India,2014-15,Rice,Autumn,1645,,2014,"Financial Year (Apr - Mar), 2014"
313,India,2014-15,Ragi,Kharif,1706,,2014,"Financial Year (Apr - Mar), 2014"
314,India,2014-15,Foodgrains,Kharif,1862,,2014,"Financial Year (Apr - Mar), 2014"
315,India,2014-15,Nutri Cereals,Rabi,1915,,2014,"Financial Year (Apr - Mar), 2014"
316,India,2014-15,Cereals,Kharif,2081,,2014,"Financial Year (Apr - Mar), 2014"
317,India,2014-15,Foodgrains,Rabi,2232,,2014,"Financial Year (Apr - Mar), 2014"
318,India,2014-15,Maize,Kharif,2249,,2014,"Financial Year (Apr - Mar), 2014"
319,India,2014-15,Barley,Rabi,2280,,2014,"Financial Year (Apr - Mar), 2014"
320,India,2014-15,Rice,Winter,2310,,2014,"Financial Year (Apr - Mar), 2014"
321,India,2014-15,Rice,Kharif,2335,,2014,"Financial Year (Apr - Mar), 2014"
322,India,2014-15,Cereals,Rabi,2681,,2014,"Financial Year (Apr - Mar), 2014"
323,India,2014-15,Wheat,Rabi,2750,,2014,"Financial Year (Apr - Mar), 2014"
324,India,2014-15,Rice,Rabi/Summer,3291,,2014,"Financial Year (Apr - Mar), 2014"
325,India,2014-15,Maize,Rabi/Summer,4414,,2014,"Financial Year (Apr - Mar), 2014"
326,India,2015-16,Moong,Kharif,363,,2015,"Financial Year (Apr - Mar), 2015"
327,India,2015-16,Other Kharif Pulses,Kharif,385,,2015,"Financial Year (Apr - Mar), 2015"
328,India,2015-16,Urad,Kharif,459,,2015,"Financial Year (Apr - Mar), 2015"
329,India,2015-16,Pulses,Kharif,489,,2015,"Financial Year (Apr - Mar), 2015"
330,India,2015-16,Moong,Rabi,554,,2015,"Financial Year (Apr - Mar), 2015"
331,India,2015-16,Small Millets,Kharif,602,,2015,"Financial Year (Apr - Mar), 2015"
332,India,2015-16,Jowar,Rabi,615,,2015,"Financial Year (Apr - Mar), 2015"
333,India,2015-16,Tur (Arhar),Kharif,646,,2015,"Financial Year (Apr - Mar), 2015"
334,India,2015-16,Lentil,Rabi,765,,2015,"Financial Year (Apr - Mar), 2015"
335,India,2015-16,Other Rabi Pulses,Rabi,766,,2015,"Financial Year (Apr - Mar), 2015"
336,India,2015-16,Urad,Rabi,773,,2015,"Financial Year (Apr - Mar), 2015"
337,India,2015-16,Pulses,Rabi,796,,2015,"Financial Year (Apr - Mar), 2015"
338,India,2015-16,Gram,Rabi,840,,2015,"Financial Year (Apr - Mar), 2015"
339,India,2015-16,Jowar,Kharif,850,,2015,"Financial Year (Apr - Mar), 2015"
340,India,2015-16,Bajra,Kharif,1132,,2015,"Financial Year (Apr - Mar), 2015"
341,India,2015-16,Nutri Cereals,Kharif,1544,,2015,"Financial Year (Apr - Mar), 2015"
342,India,2015-16,Ragi,Kharif,1601,,2015,"Financial Year (Apr - Mar), 2015"
343,India,2015-16,Nutri Cereals,Rabi,1686,,2015,"Financial Year (Apr - Mar), 2015"
344,India,2015-16,Foodgrains,Kharif,1808,,2015,"Financial Year (Apr - Mar), 2015"
345,India,2015-16,Cereals,Kharif,2065,,2015,"Financial Year (Apr - Mar), 2015"
346,India,2015-16,Maize,Kharif,2236,,2015,"Financial Year (Apr - Mar), 2015"
347,India,2015-16,Foodgrains,Rabi,2341,,2015,"Financial Year (Apr - Mar), 2015"
348,India,2015-16,Barley,Rabi,2439,,2015,"Financial Year (Apr - Mar), 2015"
349,India,2015-16,Cereals,Rabi,2862,,2015,"Financial Year (Apr - Mar), 2015"
350,India,2015-16,Wheat,Rabi,3034,,2015,"Financial Year (Apr - Mar), 2015"
351,India,2015-16,Rice,Rabi/Summer,3382,,2015,"Financial Year (Apr - Mar), 2015"
352,India,2015-16,Maize,Rabi/Summer,4006,,2015,"Financial Year (Apr - Mar), 2015"
353,India,2015-16,Rice,Autumn,,,2015,"Financial Year (Apr - Mar), 2015"
354,India,2015-16,Rice,Kharif,,,2015,"Financial Year (Apr - Mar), 2015"
355,India,2015-16,Rice,Winter,,,2015,"Financial Year (Apr - Mar), 2015"
356,India,2016-17,Other Kharif Pulses,Kharif,409,,2016,"Financial Year (Apr - Mar), 2016"
357,India,2016-17,Moong,Kharif,488,,2016,"Financial Year (Apr - Mar), 2016"
358,India,2016-17,Moong,Rabi,546,,2016,"Financial Year (Apr - Mar), 2016"
359,India,2016-17,Urad,Kharif,626,,2016,"Financial Year (Apr - Mar), 2016"
360,India,2016-17,Urad,Rabi,656,,2016,"Financial Year (Apr - Mar), 2016"
361,India,2016-17,Pulses,Kharif,667,,2016,"Financial Year (Apr - Mar), 2016"
362,India,2016-17,Small Millets,Kharif,714,,2016,"Financial Year (Apr - Mar), 2016"
363,India,2016-17,Jowar,Rabi,730,,2016,"Financial Year (Apr - Mar), 2016"
364,India,2016-17,Lentil,Rabi,838,,2016,"Financial Year (Apr - Mar), 2016"
365,India,2016-17,Other Rabi Pulses,Rabi,867,,2016,"Financial Year (Apr - Mar), 2016"
366,India,2016-17,Pulses,Rabi,898,,2016,"Financial Year (Apr - Mar), 2016"
367,India,2016-17,Tur (Arhar),Kharif,913,,2016,"Financial Year (Apr - Mar), 2016"
368,India,2016-17,Jowar,Kharif,954,,2016,"Financial Year (Apr - Mar), 2016"
369,India,2016-17,Gram,Rabi,974,,2016,"Financial Year (Apr - Mar), 2016"
370,India,2016-17,Bajra,Kharif,1305,,2016,"Financial Year (Apr - Mar), 2016"
371,India,2016-17,Ragi,Kharif,1363,,2016,"Financial Year (Apr - Mar), 2016"
372,India,2016-17,Nutri Cereals,Kharif,1708,,2016,"Financial Year (Apr - Mar), 2016"
373,India,2016-17,Nutri Cereals,Rabi,1885,,2016,"Financial Year (Apr - Mar), 2016"
374,India,2016-17,Foodgrains,Kharif,1890,,2016,"Financial Year (Apr - Mar), 2016"
375,India,2016-17,Cereals,Kharif,2188,,2016,"Financial Year (Apr - Mar), 2016"
376,India,2016-17,Maize,Kharif,2413,,2016,"Financial Year (Apr - Mar), 2016"
377,India,2016-17,Rice,Kharif,2417,,2016,"Financial Year (Apr - Mar), 2016"
378,India,2016-17,Foodgrains,Rabi,2441,,2016,"Financial Year (Apr - Mar), 2016"
379,India,2016-17,Barley,Rabi,2663,,2016,"Financial Year (Apr - Mar), 2016"
380,India,2016-17,Cereals,Rabi,3010,,2016,"Financial Year (Apr - Mar), 2016"
381,India,2016-17,Wheat,Rabi,3200,,2016,"Financial Year (Apr - Mar), 2016"
382,India,2016-17,Rice,Rabi/Summer,3230,,2016,"Financial Year (Apr - Mar), 2016"
383,India,2016-17,Maize,Rabi/Summer,3897,,2016,"Financial Year (Apr - Mar), 2016"
384,India,2016-17,Rice,Autumn,,,2016,"Financial Year (Apr - Mar), 2016"
385,India,2016-17,Rice,Winter,,,2016,"Financial Year (Apr - Mar), 2016"
386,India,2017-18,Moong,Kharif,440,,2017,"Financial Year (Apr - Mar), 2017"
387,India,2017-18,Other Kharif Pulses,Kharif,441,,2017,"Financial Year (Apr - Mar), 2017"
388,India,2017-18,Moong,Rabi,600,,2017,"Financial Year (Apr - Mar), 2017"
389,India,2017-18,Urad,Kharif,632,,2017,"Financial Year (Apr - Mar), 2017"
390,India,2017-18,Pulses,Kharif,668,,2017,"Financial Year (Apr - Mar), 2017"
391,India,2017-18,Urad,Rabi,798,,2017,"Financial Year (Apr - Mar), 2017"
392,India,2017-18,Small Millets,Kharif,804,,2017,"Financial Year (Apr - Mar), 2017"
393,India,2017-18,Jowar,Rabi,853,,2017,"Financial Year (Apr - Mar), 2017"
394,India,2017-18,Other Rabi Pulses,Rabi,957,,2017,"Financial Year (Apr - Mar), 2017"
395,India,2017-18,Tur (Arhar),Kharif,967,,2017,"Financial Year (Apr - Mar), 2017"
396,India,2017-18,Pulses,Rabi,1015,,2017,"Financial Year (Apr - Mar), 2017"
397,India,2017-18,Lentil,Rabi,1047,,2017,"Financial Year (Apr - Mar), 2017"
398,India,2017-18,Gram,Rabi,1078,,2017,"Financial Year (Apr - Mar), 2017"
399,India,2017-18,Jowar,Kharif,1104,,2017,"Financial Year (Apr - Mar), 2017"
400,India,2017-18,Bajra,Kharif,1231,,2017,"Financial Year (Apr - Mar), 2017"
401,India,2017-18,Ragi,Kharif,1662,,2017,"Financial Year (Apr - Mar), 2017"
402,India,2017-18,Nutri Cereals,Kharif,1818,,2017,"Financial Year (Apr - Mar), 2017"
403,India,2017-18,Foodgrains,Kharif,1951,,2017,"Financial Year (Apr - Mar), 2017"
404,India,2017-18,Cereals,Kharif,2259,,2017,"Financial Year (Apr - Mar), 2017"
405,India,2017-18,Nutri Cereals,Rabi,2323,,2017,"Financial Year (Apr - Mar), 2017"
406,India,2017-18,Rice,Kharif,2469,,2017,"Financial Year (Apr - Mar), 2017"
407,India,2017-18,Foodgrains,Rabi,2603,,2017,"Financial Year (Apr - Mar), 2017"
408,India,2017-18,Barley,Rabi,2695,,2017,"Financial Year (Apr - Mar), 2017"
409,India,2017-18,Maize,Kharif,2706,,2017,"Financial Year (Apr - Mar), 2017"
410,India,2017-18,Cereals,Rabi,3239,,2017,"Financial Year (Apr - Mar), 2017"
411,India,2017-18,Wheat,Rabi,3368,,2017,"Financial Year (Apr - Mar), 2017"
412,India,2017-18,Rice,Rabi/Summer,3531,,2017,"Financial Year (Apr - Mar), 2017"
413,India,2017-18,Maize,Rabi/Summer,4436,,2017,"Financial Year (Apr - Mar), 2017"
414,India,2017-18,Rice,Autumn,,,2017,"Financial Year (Apr - Mar), 2017"
415,India,2017-18,Rice,Winter,,,2017,"Financial Year (Apr - Mar), 2017"
416,India,2018-19,Other Kharif Pulses,Kharif,365,,2018,"Financial Year (Apr - Mar), 2018"
417,India,2018-19,Moong,Kharif,466,,2018,"Financial Year (Apr - Mar), 2018"
418,India,2018-19,Urad,Kharif,500,,2018,"Financial Year (Apr - Mar), 2018"
419,India,2018-19,Pulses,Kharif,546,,2018,"Financial Year (Apr - Mar), 2018"
420,India,2018-19,Moong,Rabi,726,,2018,"Financial Year (Apr - Mar), 2018"
421,India,2018-19,Tur (Arhar),Kharif,729,,2018,"Financial Year (Apr - Mar), 2018"
422,India,2018-19,Small Millets,Kharif,734,,2018,"Financial Year (Apr - Mar), 2018"
423,India,2018-19,Jowar,Rabi,744,,2018,"Financial Year (Apr - Mar), 2018"
424,India,2018-19,Urad,Rabi,796,,2018,"Financial Year (Apr - Mar), 2018"
425,India,2018-19,Other Rabi Pulses,Rabi,897,,2018,"Financial Year (Apr - Mar), 2018"
426,India,2018-19,Lentil,Rabi,901,,2018,"Financial Year (Apr - Mar), 2018"
427,India,2018-19,Pulses,Rabi,976,,2018,"Financial Year (Apr - Mar), 2018"
428,India,2018-19,Jowar,Kharif,989,,2018,"Financial Year (Apr - Mar), 2018"
429,India,2018-19,Gram,Rabi,1041,,2018,"Financial Year (Apr - Mar), 2018"
430,India,2018-19,Bajra,Kharif,1219,,2018,"Financial Year (Apr - Mar), 2018"
431,India,2018-19,Ragi,Kharif,1390,,2018,"Financial Year (Apr - Mar), 2018"
432,India,2018-19,Nutri Cereals,Kharif,1790,,2018,"Financial Year (Apr - Mar), 2018"
433,India,2018-19,Foodgrains,Kharif,1957,,2018,"Financial Year (Apr - Mar), 2018"
434,India,2018-19,Cereals,Kharif,2320,,2018,"Financial Year (Apr - Mar), 2018"
435,India,2018-19,Nutri Cereals,Rabi,2532,,2018,"Financial Year (Apr - Mar), 2018"
436,India,2018-19,Rice,Kharif,2553,,2018,"Financial Year (Apr - Mar), 2018"
437,India,2018-19,Maize,Kharif,2648,,2018,"Financial Year (Apr - Mar), 2018"
438,India,2018-19,Foodgrains,Rabi,2740,,2018,"Financial Year (Apr - Mar), 2018"
439,India,2018-19,Barley,Rabi,2837,,2018,"Financial Year (Apr - Mar), 2018"
440,India,2018-19,Cereals,Rabi,3403,,2018,"Financial Year (Apr - Mar), 2018"
441,India,2018-19,Rice,Rabi/Summer,3444,,2018,"Financial Year (Apr - Mar), 2018"
442,India,2018-19,Wheat,Rabi,3533,,2018,"Financial Year (Apr - Mar), 2018"
443,India,2018-19,Maize,Rabi/Summer,4893,,2018,"Financial Year (Apr - Mar), 2018"
444,India,2018-19,Rice,Autumn,,,2018,"Financial Year (Apr - Mar), 2018"
445,India,2018-19,Rice,Winter,,,2018,"Financial Year (Apr - Mar), 2018"
446,India,2019-20,Urad,Kharif,359,,2019,"Financial Year (Apr - Mar), 2019"
447,India,2019-20,Other Kharif Pulses,Kharif,491,,2019,"Financial Year (Apr - Mar), 2019"
448,India,2019-20,Moong,Kharif,519,,2019,"Financial Year (Apr - Mar), 2019"
449,India,2019-20,Pulses,Kharif,585,,2019,"Financial Year (Apr - Mar), 2019"
450,India,2019-20,Moong,Rabi,642,,2019,"Financial Year (Apr - Mar), 2019"
451,India,2019-20,Small Millets,Kharif,809,,2019,"Financial Year (Apr - Mar), 2019"
452,India,2019-20,Lentil,Rabi,847,,2019,"Financial Year (Apr - Mar), 2019"
453,India,2019-20,Tur (Arhar),Kharif,859,,2019,"Financial Year (Apr - Mar), 2019"
454,India,2019-20,Urad,Rabi,904,,2019,"Financial Year (Apr - Mar), 2019"
455,India,2019-20,Other Rabi Pulses,Rabi,954,,2019,"Financial Year (Apr - Mar), 2019"
456,India,2019-20,Jowar,Kharif,967,,2019,"Financial Year (Apr - Mar), 2019"
457,India,2019-20,Jowar,Rabi,1002,,2019,"Financial Year (Apr - Mar), 2019"
458,India,2019-20,Pulses,Rabi,1045,,2019,"Financial Year (Apr - Mar), 2019"
459,India,2019-20,Gram,Rabi,1142,,2019,"Financial Year (Apr - Mar), 2019"
460,India,2019-20,Bajra,Kharif,1374,,2019,"Financial Year (Apr - Mar), 2019"
461,India,2019-20,Ragi,Kharif,1747,,2019,"Financial Year (Apr - Mar), 2019"
462,India,2019-20,Nutri Cereals,Kharif,1836,,2019,"Financial Year (Apr - Mar), 2019"
463,India,2019-20,Foodgrains,Kharif,2029,,2019,"Financial Year (Apr - Mar), 2019"
464,India,2019-20,Cereals,Kharif,2370,,2019,"Financial Year (Apr - Mar), 2019"
465,India,2019-20,Nutri Cereals,Rabi,2491,,2019,"Financial Year (Apr - Mar), 2019"
466,India,2019-20,Maize,Kharif,2572,,2019,"Financial Year (Apr - Mar), 2019"
467,India,2019-20,Rice,Kharif,2622,,2019,"Financial Year (Apr - Mar), 2019"
468,India,2019-20,Foodgrains,Rabi,2738,,2019,"Financial Year (Apr - Mar), 2019"
469,India,2019-20,Barley,Rabi,2920,,2019,"Financial Year (Apr - Mar), 2019"
470,India,2019-20,Cereals,Rabi,3325,,2019,"Financial Year (Apr - Mar), 2019"
471,India,2019-20,Wheat,Rabi,3440,,2019,"Financial Year (Apr - Mar), 2019"
472,India,2019-20,Rice,Rabi/Summer,3569,,2019,"Financial Year (Apr - Mar), 2019"
473,India,2019-20,Maize,Rabi/Summer,4631,,2019,"Financial Year (Apr - Mar), 2019"
474,India,2019-20,Rice,Autumn,,,2019,"Financial Year (Apr - Mar), 2019"
475,India,2019-20,Rice,Winter,,,2019,"Financial Year (Apr - Mar), 2019"
476,India,2020-21,Other Kharif Pulses,Kharif,484, * =Fourth Advance Estimates,2020,"Financial Year (Apr - Mar), 2020"
477,India,2020-21,Urad,Kharif,490, * =Fourth Advance Estimates,2020,"Financial Year (Apr - Mar), 2020"
478,India,2020-21,Moong,Kharif,522, * =Fourth Advance Estimates,2020,"Financial Year (Apr - Mar), 2020"
479,India,2020-21,Pulses,Kharif,640, * =Fourth Advance Estimates,2020,"Financial Year (Apr - Mar), 2020"
480,India,2020-21,Urad,Rabi,790, * =Fourth Advance Estimates,2020,"Financial Year (Apr - Mar), 2020"
481,India,2020-21,Moong,Rabi,831, * =Fourth Advance Estimates,2020,"Financial Year (Apr - Mar), 2020"
482,India,2020-21,Small Millets,Kharif,844, * =Fourth Advance Estimates,2020,"Financial Year (Apr - Mar), 2020"
483,India,2020-21,Tur (Arhar),Kharif,892, * =Fourth Advance Estimates,2020,"Financial Year (Apr - Mar), 2020"
484,India,2020-21,Lentil,Rabi,1001, * =Fourth Advance Estimates,2020,"Financial Year (Apr - Mar), 2020"
485,India,2020-21,Other Rabi Pulses,Rabi,1025, * =Fourth Advance Estimates,2020,"Financial Year (Apr - Mar), 2020"
486,India,2020-21,Jowar,Rabi,1084, * =Fourth Advance Estimates,2020,"Financial Year (Apr - Mar), 2020"
487,India,2020-21,Pulses,Rabi,1116, * =Fourth Advance Estimates,2020,"Financial Year (Apr - Mar), 2020"
488,India,2020-21,Jowar,Kharif,1204, * =Fourth Advance Estimates,2020,"Financial Year (Apr - Mar), 2020"
489,India,2020-21,Gram,Rabi,1217, * =Fourth Advance Estimates,2020,"Financial Year (Apr - Mar), 2020"
490,India,2020-21,Bajra,Kharif,1436, * =Fourth Advance Estimates,2020,"Financial Year (Apr - Mar), 2020"
491,India,2020-21,Ragi,Kharif,1711, * =Fourth Advance Estimates,2020,"Financial Year (Apr - Mar), 2020"
492,India,2020-21,Nutri Cereals,Kharif,1974, * =Fourth Advance Estimates,2020,"Financial Year (Apr - Mar), 2020"
493,India,2020-21,Foodgrains,Kharif,2076, * =Fourth Advance Estimates,2020,"Financial Year (Apr - Mar), 2020"
494,India,2020-21,Cereals,Kharif,2409, * =Fourth Advance Estimates,2020,"Financial Year (Apr - Mar), 2020"
495,India,2020-21,Rice,Kharif,2610, * =Fourth Advance Estimates,2020,"Financial Year (Apr - Mar), 2020"
496,India,2020-21,Nutri Cereals,Rabi,2741, * =Fourth Advance Estimates,2020,"Financial Year (Apr - Mar), 2020"
497,India,2020-21,Maize,Kharif,2745, * =Fourth Advance Estimates,2020,"Financial Year (Apr - Mar), 2020"
498,India,2020-21,Foodgrains,Rabi,2777, * =Fourth Advance Estimates,2020,"Financial Year (Apr - Mar), 2020"
499,India,2020-21,Barley,Rabi,2805, * =Fourth Advance Estimates,2020,"Financial Year (Apr - Mar), 2020"
500,India,2020-21,Cereals,Rabi,3380, * =Fourth Advance Estimates,2020,"Financial Year (Apr - Mar), 2020"
501,India,2020-21,Wheat,Rabi,3464, * =Fourth Advance Estimates,2020,"Financial Year (Apr - Mar), 2020"
502,India,2020-21,Rice,Rabi/Summer,3530, * =Fourth Advance Estimates,2020,"Financial Year (Apr - Mar), 2020"
503,India,2020-21,Maize,Rabi/Summer,4908, * =Fourth Advance Estimates,2020,"Financial Year (Apr - Mar), 2020"
504,India,2020-21,Rice,Autumn,, * =Fourth Advance Estimates,2020,"Financial Year (Apr - Mar), 2020"
505,India,2020-21,Rice,Winter,, * =Fourth Advance Estimates,2020,"Financial Year (Apr - Mar), 2020"
